-- phpMyAdmin SQL Dump
-- version 5.0.2
-- https://www.phpmyadmin.net/
--
-- Servidor: 127.0.0.1:3306
-- Tiempo de generación: 20-11-2022 a las 01:09:34
-- Versión del servidor: 5.7.31
-- Versión de PHP: 7.4.9

SET SQL_MODE = "NO_AUTO_VALUE_ON_ZERO";
START TRANSACTION;
SET time_zone = "+00:00";


/*!40101 SET @OLD_CHARACTER_SET_CLIENT=@@CHARACTER_SET_CLIENT */;
/*!40101 SET @OLD_CHARACTER_SET_RESULTS=@@CHARACTER_SET_RESULTS */;
/*!40101 SET @OLD_COLLATION_CONNECTION=@@COLLATION_CONNECTION */;
/*!40101 SET NAMES utf8mb4 */;

--
-- Base de datos: `schutzi`
--

-- --------------------------------------------------------

--
-- Estructura de tabla para la tabla `alertas`
--

DROP TABLE IF EXISTS `alertas`;
CREATE TABLE IF NOT EXISTS `alertas` (
  `id_alarma` bigint(20) NOT NULL AUTO_INCREMENT,
  `tipo` varchar(35) NOT NULL,
  PRIMARY KEY (`id_alarma`)
) ENGINE=InnoDB AUTO_INCREMENT=39 DEFAULT CHARSET=utf8mb4;

--
-- Volcado de datos para la tabla `alertas`
--

INSERT INTO `alertas` (`id_alarma`, `tipo`) VALUES
(1, 'Temperatura'),
(2, 'Fuera de rango (localizacion)');

-- --------------------------------------------------------

--
-- Estructura de tabla para la tabla `alertas_artefacto`
--

DROP TABLE IF EXISTS `alertas_artefacto`;
CREATE TABLE IF NOT EXISTS `alertas_artefacto` (
  `id_artefacto` int(11) NOT NULL,
  `id_alerta` int(11) NOT NULL,
  `fecha` datetime NOT NULL,
  PRIMARY KEY (`id_artefacto`,`id_alerta`,`fecha`),
  KEY `id_alerta` (`id_alerta`)
) ENGINE=MyISAM DEFAULT CHARSET=latin1;

--
-- Volcado de datos para la tabla `alertas_artefacto`
--

INSERT INTO `alertas_artefacto` (`id_artefacto`, `id_alerta`, `fecha`) VALUES
(2, 1, '2022-11-19 13:14:56'),
(2, 1, '2022-11-19 13:16:06'),
(2, 1, '2022-11-19 13:16:30'),
(2, 1, '2022-11-19 13:17:30'),
(2, 1, '2022-11-19 13:17:55'),
(2, 1, '2022-11-19 13:18:21'),
(2, 1, '2022-11-19 13:18:46'),
(2, 1, '2022-11-19 13:19:11'),
(2, 1, '2022-11-19 13:19:36'),
(2, 1, '2022-11-19 13:20:01'),
(2, 1, '2022-11-19 13:23:47'),
(2, 1, '2022-11-19 13:24:12'),
(2, 1, '2022-11-19 13:24:37'),
(2, 1, '2022-11-19 13:25:03'),
(2, 1, '2022-11-19 13:25:28'),
(2, 1, '2022-11-19 13:25:53'),
(2, 1, '2022-11-19 13:26:18'),
(2, 1, '2022-11-19 13:26:43'),
(2, 1, '2022-11-19 13:27:09'),
(2, 1, '2022-11-19 13:27:34'),
(2, 1, '2022-11-19 13:28:39'),
(2, 1, '2022-11-19 13:29:04'),
(2, 1, '2022-11-19 13:29:30'),
(2, 1, '2022-11-19 13:29:55'),
(2, 1, '2022-11-19 13:30:20'),
(2, 1, '2022-11-19 13:30:46'),
(2, 1, '2022-11-19 13:31:11'),
(2, 1, '2022-11-19 13:31:36'),
(2, 1, '2022-11-19 13:32:02'),
(2, 1, '2022-11-19 13:32:27'),
(2, 1, '2022-11-19 13:32:52'),
(2, 1, '2022-11-19 13:33:17'),
(2, 1, '2022-11-19 13:33:43'),
(2, 1, '2022-11-19 13:34:08'),
(2, 1, '2022-11-19 13:34:33'),
(2, 1, '2022-11-19 13:34:58'),
(2, 1, '2022-11-19 13:36:01'),
(2, 1, '2022-11-19 13:36:26'),
(2, 1, '2022-11-19 13:36:51'),
(2, 1, '2022-11-19 13:37:16'),
(2, 1, '2022-11-19 13:37:41'),
(2, 1, '2022-11-19 13:38:06'),
(2, 1, '2022-11-19 13:38:32'),
(2, 1, '2022-11-19 13:38:57'),
(2, 1, '2022-11-19 13:39:22'),
(2, 1, '2022-11-19 13:39:47'),
(2, 1, '2022-11-19 13:40:13'),
(2, 1, '2022-11-19 13:40:38'),
(2, 1, '2022-11-19 13:41:03'),
(2, 1, '2022-11-19 13:42:12'),
(2, 1, '2022-11-19 13:42:38'),
(2, 1, '2022-11-19 13:43:03'),
(2, 1, '2022-11-19 13:43:28'),
(2, 1, '2022-11-19 13:43:53'),
(2, 1, '2022-11-19 13:44:18'),
(2, 1, '2022-11-19 13:44:43'),
(2, 1, '2022-11-19 13:45:09'),
(2, 1, '2022-11-19 13:46:25'),
(2, 1, '2022-11-19 13:46:50'),
(2, 1, '2022-11-19 13:47:15'),
(2, 1, '2022-11-19 13:47:40'),
(2, 1, '2022-11-19 13:48:05'),
(2, 1, '2022-11-19 13:49:16'),
(2, 1, '2022-11-19 13:49:41'),
(2, 1, '2022-11-19 13:50:07'),
(2, 1, '2022-11-19 13:50:32'),
(2, 1, '2022-11-19 13:51:45'),
(2, 1, '2022-11-19 13:52:10'),
(2, 1, '2022-11-19 13:52:35'),
(2, 1, '2022-11-19 13:53:01'),
(2, 1, '2022-11-19 13:53:26'),
(2, 1, '2022-11-19 13:53:51'),
(2, 1, '2022-11-19 13:54:16'),
(2, 1, '2022-11-19 13:55:33'),
(2, 1, '2022-11-19 13:55:58'),
(2, 1, '2022-11-19 13:56:24'),
(2, 1, '2022-11-19 13:56:49'),
(2, 1, '2022-11-19 13:57:14'),
(2, 1, '2022-11-19 13:57:40'),
(2, 1, '2022-11-19 13:58:05'),
(2, 1, '2022-11-19 13:58:30'),
(2, 1, '2022-11-19 13:58:55'),
(2, 1, '2022-11-19 13:59:20'),
(2, 1, '2022-11-19 13:59:46'),
(2, 1, '2022-11-19 14:00:11'),
(2, 1, '2022-11-19 14:00:36'),
(2, 1, '2022-11-19 14:01:01'),
(2, 1, '2022-11-19 14:02:21'),
(2, 1, '2022-11-19 14:02:46'),
(2, 1, '2022-11-19 14:03:11'),
(2, 1, '2022-11-19 14:03:37'),
(2, 1, '2022-11-19 14:04:02'),
(2, 1, '2022-11-19 14:04:27'),
(2, 1, '2022-11-19 14:05:38'),
(2, 1, '2022-11-19 14:06:03'),
(2, 1, '2022-11-19 14:06:28'),
(2, 1, '2022-11-19 14:06:54'),
(2, 1, '2022-11-19 14:07:19'),
(2, 1, '2022-11-19 14:07:44'),
(2, 1, '2022-11-19 14:08:10'),
(2, 2, '2022-11-19 13:17:22'),
(2, 2, '2022-11-19 13:17:47'),
(2, 2, '2022-11-19 13:18:12'),
(2, 2, '2022-11-19 13:18:38'),
(2, 2, '2022-11-19 13:19:03'),
(2, 2, '2022-11-19 13:19:28'),
(2, 2, '2022-11-19 13:19:54'),
(2, 2, '2022-11-19 13:23:39'),
(2, 2, '2022-11-19 13:24:04'),
(2, 2, '2022-11-19 13:24:29'),
(2, 2, '2022-11-19 13:24:55'),
(2, 2, '2022-11-19 13:25:20'),
(2, 2, '2022-11-19 13:25:45'),
(2, 2, '2022-11-19 13:26:10'),
(2, 2, '2022-11-19 13:29:22'),
(2, 2, '2022-11-19 13:29:47'),
(2, 2, '2022-11-19 13:30:12'),
(2, 2, '2022-11-19 13:30:38'),
(2, 2, '2022-11-19 13:31:03'),
(2, 2, '2022-11-19 13:31:28'),
(2, 2, '2022-11-19 13:31:53'),
(2, 2, '2022-11-19 13:32:19'),
(2, 2, '2022-11-19 13:32:44'),
(2, 2, '2022-11-19 13:33:09'),
(2, 2, '2022-11-19 13:33:35'),
(2, 2, '2022-11-19 13:34:00'),
(2, 2, '2022-11-19 13:34:25'),
(2, 2, '2022-11-19 13:34:50'),
(2, 2, '2022-11-19 13:36:18'),
(2, 2, '2022-11-19 13:36:43'),
(2, 2, '2022-11-19 13:37:08'),
(2, 2, '2022-11-19 13:37:33'),
(2, 2, '2022-11-19 13:37:58'),
(2, 2, '2022-11-19 13:38:24'),
(2, 2, '2022-11-19 13:38:49'),
(2, 2, '2022-11-19 13:39:14'),
(2, 2, '2022-11-19 13:39:39'),
(2, 2, '2022-11-19 13:40:04'),
(2, 2, '2022-11-19 13:40:30'),
(2, 2, '2022-11-19 13:40:55'),
(2, 2, '2022-11-19 13:42:04'),
(2, 2, '2022-11-19 13:42:30'),
(2, 2, '2022-11-19 13:42:55'),
(2, 2, '2022-11-19 13:43:20'),
(2, 2, '2022-11-19 13:43:45'),
(2, 2, '2022-11-19 13:44:10'),
(2, 2, '2022-11-19 13:44:35'),
(2, 2, '2022-11-19 13:45:00'),
(2, 2, '2022-11-19 13:46:42'),
(2, 2, '2022-11-19 13:47:07'),
(2, 2, '2022-11-19 13:47:32'),
(2, 2, '2022-11-19 13:47:57'),
(2, 2, '2022-11-19 13:49:08'),
(2, 2, '2022-11-19 13:49:33'),
(2, 2, '2022-11-19 13:49:59'),
(2, 2, '2022-11-19 13:50:24'),
(2, 2, '2022-11-19 13:51:38'),
(2, 2, '2022-11-19 13:52:02'),
(2, 2, '2022-11-19 13:59:12'),
(2, 2, '2022-11-19 14:02:38'),
(2, 2, '2022-11-19 14:07:11'),
(2, 2, '2022-11-19 14:07:36');

-- --------------------------------------------------------

--
-- Estructura de tabla para la tabla `artefacto`
--

DROP TABLE IF EXISTS `artefacto`;
CREATE TABLE IF NOT EXISTS `artefacto` (
  `codigo` int(11) NOT NULL,
  `modelo` varchar(17) NOT NULL,
  PRIMARY KEY (`codigo`)
) ENGINE=InnoDB DEFAULT CHARSET=utf8mb4;

--
-- Volcado de datos para la tabla `artefacto`
--

INSERT INTO `artefacto` (`codigo`, `modelo`) VALUES
(1, 'IJ69F8D'),
(2, 'GDK48F6');

-- --------------------------------------------------------

--
-- Estructura de tabla para la tabla `artefacto_sensor`
--

DROP TABLE IF EXISTS `artefacto_sensor`;
CREATE TABLE IF NOT EXISTS `artefacto_sensor` (
  `codigo_artefacto` int(11) NOT NULL,
  `id_sensor` int(11) NOT NULL,
  PRIMARY KEY (`codigo_artefacto`),
  KEY `id_sensor` (`id_sensor`)
) ENGINE=InnoDB DEFAULT CHARSET=utf8mb4;

-- --------------------------------------------------------

--
-- Estructura de tabla para la tabla `localizacion`
--

DROP TABLE IF EXISTS `localizacion`;
CREATE TABLE IF NOT EXISTS `localizacion` (
  `id_medicion` int(11) NOT NULL AUTO_INCREMENT,
  `fecha` datetime NOT NULL,
  `latitud` varchar(20) NOT NULL,
  `longitud` varchar(20) NOT NULL,
  `speed` float NOT NULL,
  `id_artefacto` int(11) NOT NULL,
  PRIMARY KEY (`id_medicion`),
  KEY `id_artefacto` (`id_artefacto`)
) ENGINE=InnoDB AUTO_INCREMENT=310 DEFAULT CHARSET=utf8mb4;

--
-- Volcado de datos para la tabla `localizacion`
--

INSERT INTO `localizacion` (`id_medicion`, `fecha`, `latitud`, `longitud`, `speed`, `id_artefacto`) VALUES
(214, '2022-11-19 13:17:22', '20.56930783', '-103.3411235', 0.6482, 2),
(215, '2022-11-19 13:17:47', '20.56927017', '-103.3411407', 4.7226, 2),
(216, '2022-11-19 13:18:12', '20.56932733', '-103.3412565', 1.44456, 2),
(217, '2022-11-19 13:18:38', '20.56907933', '-103.3409117', 5.093, 2),
(218, '2022-11-19 13:19:03', '20.56910967', '-103.3408747', 3.62992, 2),
(219, '2022-11-19 13:19:28', '20.56919467', '-103.3410457', 1.37048, 2),
(220, '2022-11-19 13:19:54', '20.56919467', '-103.3410457', 1.37048, 2),
(221, '2022-11-19 13:23:39', '20.5694165', '-103.3412365', 2.05572, 2),
(222, '2022-11-19 13:24:04', '20.56942017', '-103.341273', 0.29632, 2),
(223, '2022-11-19 13:24:29', '20.56941817', '-103.341265', 0.07408, 2),
(224, '2022-11-19 13:24:54', '20.5694245', '-103.3412823', 0.42596, 2),
(225, '2022-11-19 13:25:20', '20.56940883', '-103.3412287', 0.5556, 2),
(226, '2022-11-19 13:25:45', '20.56942', '-103.3412772', 0.29632, 2),
(227, '2022-11-19 13:26:10', '20.5694055', '-103.34121', 0.33336, 2),
(228, '2022-11-19 13:26:35', '20.56939567', '-103.341225', 0.70376, 2),
(229, '2022-11-19 13:27:01', '20.5694005', '-103.3412705', 0.62968, 2),
(230, '2022-11-19 13:27:26', '20.56937217', '-103.341366', 2.61132, 2),
(231, '2022-11-19 13:28:56', '20.56948467', '-103.341734', 0.33336, 2),
(232, '2022-11-19 13:29:22', '20.56938383', '-103.3415688', 0.33336, 2),
(233, '2022-11-19 13:29:47', '20.56939633', '-103.3412067', 3.46324, 2),
(234, '2022-11-19 13:30:12', '20.569447', '-103.3412792', 2.35204, 2),
(235, '2022-11-19 13:30:38', '20.569447', '-103.3412792', 2.35204, 2),
(236, '2022-11-19 13:31:03', '20.56940117', '-103.341692', 8.00064, 2),
(237, '2022-11-19 13:31:28', '20.56940117', '-103.341692', 8.00064, 2),
(238, '2022-11-19 13:31:53', '20.56940117', '-103.341692', 8.00064, 2),
(239, '2022-11-19 13:32:19', '20.56952267', '-103.341533', 15.4272, 2),
(240, '2022-11-19 13:32:44', '20.56951583', '-103.3414837', 0.90748, 2),
(241, '2022-11-19 13:33:09', '20.56943683', '-103.341337', 1.50012, 2),
(242, '2022-11-19 13:33:35', '20.56943683', '-103.341337', 1.50012, 2),
(243, '2022-11-19 13:34:00', '20.56943683', '-103.341337', 1.50012, 2),
(244, '2022-11-19 13:34:25', '20.56943683', '-103.341337', 1.50012, 2),
(245, '2022-11-19 13:34:50', '20.56943683', '-103.341337', 1.50012, 2),
(246, '2022-11-19 13:36:18', '20.56942217', '-103.3412477', 1.88904, 2),
(247, '2022-11-19 13:36:43', '20.56941', '-103.341274', 1.2038, 2),
(248, '2022-11-19 13:37:08', '20.56937767', '-103.3414283', 0.85192, 2),
(249, '2022-11-19 13:37:33', '20.56937767', '-103.3414283', 0.85192, 2),
(250, '2022-11-19 13:37:58', '20.56945', '-103.3414475', 0.38892, 2),
(251, '2022-11-19 13:38:24', '20.56945', '-103.3414475', 0.38892, 2),
(252, '2022-11-19 13:38:49', '20.56937467', '-103.3411678', 3.20396, 2),
(253, '2022-11-19 13:39:14', '20.56936833', '-103.3412658', 1.31492, 2),
(254, '2022-11-19 13:39:39', '20.56938683', '-103.3413272', 0.50004, 2),
(255, '2022-11-19 13:40:04', '20.56937717', '-103.3411808', 1.96312, 2),
(256, '2022-11-19 13:40:30', '20.56929383', '-103.340461', 9.01924, 2),
(257, '2022-11-19 13:40:55', '20.56936917', '-103.3410035', 10.686, 2),
(258, '2022-11-19 13:42:04', '20.56945117', '-103.3418235', 7.44504, 2),
(259, '2022-11-19 13:42:30', '20.56939017', '-103.3413532', 0.14816, 2),
(260, '2022-11-19 13:42:55', '20.56941117', '-103.3414127', 0.48152, 2),
(261, '2022-11-19 13:43:20', '20.56938567', '-103.3412482', 1.83348, 2),
(262, '2022-11-19 13:43:45', '20.56941317', '-103.3414155', 1.72236, 2),
(263, '2022-11-19 13:44:10', '20.56941217', '-103.3414025', 1.70384, 2),
(264, '2022-11-19 13:44:35', '20.56940783', '-103.3413818', 0.81488, 2),
(265, '2022-11-19 13:45:00', '20.569445', '-103.3415255', 1.07416, 2),
(266, '2022-11-19 13:46:42', '20.56948217', '-103.3413228', 2.778, 2),
(267, '2022-11-19 13:47:07', '20.56941983', '-103.3411965', 2.48168, 2),
(268, '2022-11-19 13:47:32', '20.56943283', '-103.3412475', 1.42604, 2),
(269, '2022-11-19 13:47:57', '20.56943283', '-103.3412475', 1.42604, 2),
(270, '2022-11-19 13:49:08', '20.5694495', '-103.3412703', 0.6482, 2),
(271, '2022-11-19 13:49:33', '20.56945517', '-103.3413513', 1.77792, 2),
(272, '2022-11-19 13:49:59', '20.5694255', '-103.3412542', 3.09284, 2),
(273, '2022-11-19 13:50:24', '20.5694255', '-103.3412542', 3.09284, 2),
(274, '2022-11-19 13:51:38', '20.56952083', '-103.3416403', 8.16732, 2),
(275, '2022-11-19 13:52:02', '20.569438', '-103.3414298', 0.66672, 2),
(276, '2022-11-19 13:52:27', '20.56937867', '-103.3412623', 1.46308, 2),
(277, '2022-11-19 13:52:52', '20.5694135', '-103.3413865', 1.46308, 2),
(278, '2022-11-19 13:53:18', '20.56942633', '-103.3414343', 1.0186, 2),
(279, '2022-11-19 13:53:43', '20.569482', '-103.3416045', 5.556, 2),
(280, '2022-11-19 13:54:08', '20.56940167', '-103.3412685', 3.22248, 2),
(281, '2022-11-19 13:55:25', '20.5693985', '-103.3413193', 5.07448, 2),
(282, '2022-11-19 13:55:51', '20.56938483', '-103.3412438', 5.07448, 2),
(283, '2022-11-19 13:56:16', '20.56937033', '-103.3411992', 2.20388, 2),
(284, '2022-11-19 13:56:41', '20.56937633', '-103.3412015', 0.33336, 2),
(285, '2022-11-19 13:57:06', '20.56942967', '-103.3413877', 4.51888, 2),
(286, '2022-11-19 13:57:32', '20.56943267', '-103.3413833', 1.07416, 2),
(287, '2022-11-19 13:57:57', '20.56941333', '-103.3413178', 1.35196, 2),
(288, '2022-11-19 13:58:22', '20.56941467', '-103.3413275', 0.2778, 2),
(289, '2022-11-19 13:58:47', '20.56941467', '-103.3413275', 0.2778, 2),
(290, '2022-11-19 13:59:12', '20.5693195', '-103.3410507', 1.74088, 2),
(291, '2022-11-19 13:59:38', '20.56944583', '-103.3412627', 1.74088, 2),
(292, '2022-11-19 14:00:03', '20.56944583', '-103.3412627', 1.74088, 2),
(293, '2022-11-19 14:00:28', '20.5694465', '-103.3409997', 3.77808, 2),
(294, '2022-11-19 14:00:53', '20.5694465', '-103.3409997', 3.77808, 2),
(295, '2022-11-19 14:02:13', '20.569436', '-103.3413642', 0.62968, 2),
(296, '2022-11-19 14:02:38', '20.569376', '-103.3411833', 0.88896, 2),
(297, '2022-11-19 14:03:03', '20.56940283', '-103.3412332', 1.14824, 2),
(298, '2022-11-19 14:03:29', '20.569398', '-103.3412467', 1.14824, 2),
(299, '2022-11-19 14:03:54', '20.56938717', '-103.3411927', 1.03712, 2),
(300, '2022-11-19 14:04:19', '20.56940117', '-103.3412728', 0.75932, 2),
(301, '2022-11-19 14:04:44', '20.56941083', '-103.341249', 0.16668, 2),
(302, '2022-11-19 14:05:30', '20.56942183', '-103.3412835', 1.09268, 2),
(303, '2022-11-19 14:05:55', '20.569488', '-103.3414757', 4.09292, 2),
(304, '2022-11-19 14:06:20', '20.5694335', '-103.341359', 0.5556, 2),
(305, '2022-11-19 14:06:46', '20.5694335', '-103.341359', 0.5556, 2),
(306, '2022-11-19 14:07:11', '20.569457', '-103.3407743', 1.03712, 2),
(307, '2022-11-19 14:07:36', '20.56950317', '-103.3410657', 1.389, 2),
(308, '2022-11-19 14:08:02', '20.56940333', '-103.3411948', 1.389, 2),
(309, '2022-11-01 19:05:37', '0.000', '0.000', 0, 1);

--
-- Disparadores `localizacion`
--
DROP TRIGGER IF EXISTS `medicion_localizacion`;
DELIMITER $$
CREATE TRIGGER `medicion_localizacion` AFTER INSERT ON `localizacion` FOR EACH ROW INSERT into medicion_localizacion SET
id_artefacto = NEW.id_artefacto,
id_medicion = NEW.id_medicion
$$
DELIMITER ;

-- --------------------------------------------------------

--
-- Estructura de tabla para la tabla `medicion`
--

DROP TABLE IF EXISTS `medicion`;
CREATE TABLE IF NOT EXISTS `medicion` (
  `id_medicion` int(11) NOT NULL AUTO_INCREMENT,
  `fecha` datetime NOT NULL,
  `valor` float NOT NULL,
  `unidad` varchar(20) NOT NULL,
  `id_artefacto` int(11) NOT NULL,
  PRIMARY KEY (`id_medicion`),
  KEY `id_artefacto` (`id_artefacto`)
) ENGINE=InnoDB AUTO_INCREMENT=727 DEFAULT CHARSET=utf8mb4;

--
-- Volcado de datos para la tabla `medicion`
--

INSERT INTO `medicion` (`id_medicion`, `fecha`, `valor`, `unidad`, `id_artefacto`) VALUES
(625, '2022-11-19 13:14:55', 24.8, 'C°', 2),
(626, '2022-11-19 13:16:05', 24.8, 'C°', 2),
(627, '2022-11-19 13:16:29', 25.3, 'C°', 2),
(628, '2022-11-19 13:17:29', 26.2, 'C°', 2),
(629, '2022-11-19 13:17:54', 28, 'C°', 2),
(630, '2022-11-19 13:18:19', 28.5, 'C°', 2),
(631, '2022-11-19 13:18:45', 29.3, 'C°', 2),
(632, '2022-11-19 13:19:10', 30.2, 'C°', 2),
(633, '2022-11-19 13:19:35', 31.3, 'C°', 2),
(634, '2022-11-19 13:20:00', 32.8, 'C°', 2),
(635, '2022-11-19 13:23:46', 33.3, 'C°', 2),
(636, '2022-11-19 13:24:11', 34.2, 'C°', 2),
(637, '2022-11-19 13:24:36', 33.8, 'C°', 2),
(638, '2022-11-19 13:25:02', 33.3, 'C°', 2),
(639, '2022-11-19 13:25:27', 33.4, 'C°', 2),
(640, '2022-11-19 13:25:52', 33.8, 'C°', 2),
(641, '2022-11-19 13:26:17', 33.8, 'C°', 2),
(642, '2022-11-19 13:26:42', 33.3, 'C°', 2),
(643, '2022-11-19 13:27:07', 33.3, 'C°', 2),
(644, '2022-11-19 13:27:33', 33.8, 'C°', 2),
(645, '2022-11-19 13:28:38', 33.8, 'C°', 2),
(646, '2022-11-19 13:29:03', 35.6, 'C°', 2),
(647, '2022-11-19 13:29:29', 36.9, 'C°', 2),
(648, '2022-11-19 13:29:54', 37.5, 'C°', 2),
(649, '2022-11-19 13:30:19', 38, 'C°', 2),
(650, '2022-11-19 13:30:45', 38.5, 'C°', 2),
(651, '2022-11-19 13:31:10', 38, 'C°', 2),
(652, '2022-11-19 13:31:35', 38.5, 'C°', 2),
(653, '2022-11-19 13:32:01', 39, 'C°', 2),
(654, '2022-11-19 13:32:26', 39.5, 'C°', 2),
(655, '2022-11-19 13:32:51', 40.1, 'C°', 2),
(656, '2022-11-19 13:33:17', 40.6, 'C°', 2),
(657, '2022-11-19 13:33:42', 40.1, 'C°', 2),
(658, '2022-11-19 13:34:07', 39, 'C°', 2),
(659, '2022-11-19 13:34:32', 38.6, 'C°', 2),
(660, '2022-11-19 13:34:58', 38.5, 'C°', 2),
(661, '2022-11-19 13:36:00', 38.5, 'C°', 2),
(662, '2022-11-19 13:36:25', 39, 'C°', 2),
(663, '2022-11-19 13:36:50', 39, 'C°', 2),
(664, '2022-11-19 13:37:15', 39.6, 'C°', 2),
(665, '2022-11-19 13:37:40', 39.5, 'C°', 2),
(666, '2022-11-19 13:38:05', 39.5, 'C°', 2),
(667, '2022-11-19 13:38:31', 39, 'C°', 2),
(668, '2022-11-19 13:38:56', 38, 'C°', 2),
(669, '2022-11-19 13:39:21', 38, 'C°', 2),
(670, '2022-11-19 13:39:46', 37.4, 'C°', 2),
(671, '2022-11-19 13:40:11', 36.9, 'C°', 2),
(672, '2022-11-19 13:40:37', 35.6, 'C°', 2),
(673, '2022-11-19 13:41:02', 35.2, 'C°', 2),
(674, '2022-11-19 13:42:11', 34.7, 'C°', 2),
(675, '2022-11-19 13:42:36', 34.2, 'C°', 2),
(676, '2022-11-19 13:43:02', 34.2, 'C°', 2),
(677, '2022-11-19 13:43:27', 33.8, 'C°', 2),
(678, '2022-11-19 13:43:52', 32.8, 'C°', 2),
(679, '2022-11-19 13:44:17', 32.8, 'C°', 2),
(680, '2022-11-19 13:44:43', 32.3, 'C°', 2),
(681, '2022-11-19 13:45:07', 32.3, 'C°', 2),
(682, '2022-11-19 13:46:24', 32.3, 'C°', 2),
(683, '2022-11-19 13:46:49', 34.7, 'C°', 2),
(684, '2022-11-19 13:47:14', 34.8, 'C°', 2),
(685, '2022-11-19 13:47:39', 34.7, 'C°', 2),
(686, '2022-11-19 13:48:04', 34.7, 'C°', 2),
(687, '2022-11-19 13:49:15', 34.7, 'C°', 2),
(688, '2022-11-19 13:49:40', 35.2, 'C°', 2),
(689, '2022-11-19 13:50:06', 35.6, 'C°', 2),
(690, '2022-11-19 13:50:31', 35.6, 'C°', 2),
(691, '2022-11-19 13:51:44', 36.3, 'C°', 2),
(692, '2022-11-19 13:52:09', 34.7, 'C°', 2),
(693, '2022-11-19 13:52:34', 34.2, 'C°', 2),
(694, '2022-11-19 13:53:00', 34.2, 'C°', 2),
(695, '2022-11-19 13:53:25', 34.2, 'C°', 2),
(696, '2022-11-19 13:53:50', 34.7, 'C°', 2),
(697, '2022-11-19 13:54:15', 34.7, 'C°', 2),
(698, '2022-11-19 13:55:32', 34.7, 'C°', 2),
(699, '2022-11-19 13:55:58', 34.2, 'C°', 2),
(700, '2022-11-19 13:56:23', 33.3, 'C°', 2),
(701, '2022-11-19 13:56:48', 32.8, 'C°', 2),
(702, '2022-11-19 13:57:13', 33.3, 'C°', 2),
(703, '2022-11-19 13:57:39', 34.2, 'C°', 2),
(704, '2022-11-19 13:58:04', 35.2, 'C°', 2),
(705, '2022-11-19 13:58:29', 35.2, 'C°', 2),
(706, '2022-11-19 13:58:54', 34.2, 'C°', 2),
(707, '2022-11-19 13:59:20', 32.8, 'C°', 2),
(708, '2022-11-19 13:59:45', 32.3, 'C°', 2),
(709, '2022-11-19 14:00:10', 32.3, 'C°', 2),
(710, '2022-11-19 14:00:35', 33.3, 'C°', 2),
(711, '2022-11-19 14:01:00', 33.8, 'C°', 2),
(712, '2022-11-19 14:02:20', 34.2, 'C°', 2),
(713, '2022-11-19 14:02:45', 36.3, 'C°', 2),
(714, '2022-11-19 14:03:10', 36.3, 'C°', 2),
(715, '2022-11-19 14:03:36', 36.7, 'C°', 2),
(716, '2022-11-19 14:04:01', 35.6, 'C°', 2),
(717, '2022-11-19 14:04:26', 35.2, 'C°', 2),
(718, '2022-11-19 14:05:37', 35.2, 'C°', 2),
(719, '2022-11-19 14:06:02', 37.4, 'C°', 2),
(720, '2022-11-19 14:06:27', 38, 'C°', 2),
(721, '2022-11-19 14:06:53', 36.9, 'C°', 2),
(722, '2022-11-19 14:07:18', 35.6, 'C°', 2),
(723, '2022-11-19 14:07:43', 34.2, 'C°', 2),
(724, '2022-11-19 14:08:09', 32.8, 'C°', 2),
(725, '2022-11-19 14:09:36', 32.6, 'C°', 2),
(726, '2022-11-16 18:59:06', 0.01, '°C', 1);

--
-- Disparadores `medicion`
--
DROP TRIGGER IF EXISTS `medicion_artefacto`;
DELIMITER $$
CREATE TRIGGER `medicion_artefacto` AFTER INSERT ON `medicion` FOR EACH ROW INSERT into medicion_artefacto set id_medicion = NEW.id_medicion, id_artefacto = NEW.id_artefacto
$$
DELIMITER ;

-- --------------------------------------------------------

--
-- Estructura de tabla para la tabla `medicion_artefacto`
--

DROP TABLE IF EXISTS `medicion_artefacto`;
CREATE TABLE IF NOT EXISTS `medicion_artefacto` (
  `id_medicion` int(11) NOT NULL,
  `id_artefacto` int(11) NOT NULL,
  PRIMARY KEY (`id_medicion`,`id_artefacto`),
  KEY `id_artefacto` (`id_artefacto`)
) ENGINE=InnoDB DEFAULT CHARSET=utf8;

--
-- Volcado de datos para la tabla `medicion_artefacto`
--

INSERT INTO `medicion_artefacto` (`id_medicion`, `id_artefacto`) VALUES
(726, 1),
(625, 2),
(626, 2),
(627, 2),
(628, 2),
(629, 2),
(630, 2),
(631, 2),
(632, 2),
(633, 2),
(634, 2),
(635, 2),
(636, 2),
(637, 2),
(638, 2),
(639, 2),
(640, 2),
(641, 2),
(642, 2),
(643, 2),
(644, 2),
(645, 2),
(646, 2),
(647, 2),
(648, 2),
(649, 2),
(650, 2),
(651, 2),
(652, 2),
(653, 2),
(654, 2),
(655, 2),
(656, 2),
(657, 2),
(658, 2),
(659, 2),
(660, 2),
(661, 2),
(662, 2),
(663, 2),
(664, 2),
(665, 2),
(666, 2),
(667, 2),
(668, 2),
(669, 2),
(670, 2),
(671, 2),
(672, 2),
(673, 2),
(674, 2),
(675, 2),
(676, 2),
(677, 2),
(678, 2),
(679, 2),
(680, 2),
(681, 2),
(682, 2),
(683, 2),
(684, 2),
(685, 2),
(686, 2),
(687, 2),
(688, 2),
(689, 2),
(690, 2),
(691, 2),
(692, 2),
(693, 2),
(694, 2),
(695, 2),
(696, 2),
(697, 2),
(698, 2),
(699, 2),
(700, 2),
(701, 2),
(702, 2),
(703, 2),
(704, 2),
(705, 2),
(706, 2),
(707, 2),
(708, 2),
(709, 2),
(710, 2),
(711, 2),
(712, 2),
(713, 2),
(714, 2),
(715, 2),
(716, 2),
(717, 2),
(718, 2),
(719, 2),
(720, 2),
(721, 2),
(722, 2),
(723, 2),
(724, 2),
(725, 2);

-- --------------------------------------------------------

--
-- Estructura de tabla para la tabla `medicion_localizacion`
--

DROP TABLE IF EXISTS `medicion_localizacion`;
CREATE TABLE IF NOT EXISTS `medicion_localizacion` (
  `id_medicion` int(11) NOT NULL,
  `id_artefacto` int(11) NOT NULL,
  PRIMARY KEY (`id_medicion`,`id_artefacto`),
  KEY `id_artefacto` (`id_artefacto`)
) ENGINE=InnoDB DEFAULT CHARSET=utf8;

--
-- Volcado de datos para la tabla `medicion_localizacion`
--

INSERT INTO `medicion_localizacion` (`id_medicion`, `id_artefacto`) VALUES
(309, 1),
(214, 2),
(215, 2),
(216, 2),
(217, 2),
(218, 2),
(219, 2),
(220, 2),
(221, 2),
(222, 2),
(223, 2),
(224, 2),
(225, 2),
(226, 2),
(227, 2),
(228, 2),
(229, 2),
(230, 2),
(231, 2),
(232, 2),
(233, 2),
(234, 2),
(235, 2),
(236, 2),
(237, 2),
(238, 2),
(239, 2),
(240, 2),
(241, 2),
(242, 2),
(243, 2),
(244, 2),
(245, 2),
(246, 2),
(247, 2),
(248, 2),
(249, 2),
(250, 2),
(251, 2),
(252, 2),
(253, 2),
(254, 2),
(255, 2),
(256, 2),
(257, 2),
(258, 2),
(259, 2),
(260, 2),
(261, 2),
(262, 2),
(263, 2),
(264, 2),
(265, 2),
(266, 2),
(267, 2),
(268, 2),
(269, 2),
(270, 2),
(271, 2),
(272, 2),
(273, 2),
(274, 2),
(275, 2),
(276, 2),
(277, 2),
(278, 2),
(279, 2),
(280, 2),
(281, 2),
(282, 2),
(283, 2),
(284, 2),
(285, 2),
(286, 2),
(287, 2),
(288, 2),
(289, 2),
(290, 2),
(291, 2),
(292, 2),
(293, 2),
(294, 2),
(295, 2),
(296, 2),
(297, 2),
(298, 2),
(299, 2),
(300, 2),
(301, 2),
(302, 2),
(303, 2),
(304, 2),
(305, 2),
(306, 2),
(307, 2),
(308, 2);

-- --------------------------------------------------------

--
-- Estructura de tabla para la tabla `sensor`
--

DROP TABLE IF EXISTS `sensor`;
CREATE TABLE IF NOT EXISTS `sensor` (
  `id` int(11) NOT NULL,
  `Tipo` varchar(20) NOT NULL,
  `nombre` varchar(20) NOT NULL,
  PRIMARY KEY (`id`)
) ENGINE=InnoDB DEFAULT CHARSET=utf8mb4;

--
-- Volcado de datos para la tabla `sensor`
--

INSERT INTO `sensor` (`id`, `Tipo`, `nombre`) VALUES
(1, 'Temperatura', 'DTH11');

-- --------------------------------------------------------

--
-- Estructura de tabla para la tabla `usuario`
--

DROP TABLE IF EXISTS `usuario`;
CREATE TABLE IF NOT EXISTS `usuario` (
  `id` int(11) NOT NULL AUTO_INCREMENT,
  `nombre` varchar(100) NOT NULL,
  `correo` varchar(50) NOT NULL,
  `telefono` varchar(10) NOT NULL,
  `contrasena` varchar(30) NOT NULL,
  `rol` varchar(15) NOT NULL,
  `codigo_artefacto` int(11) DEFAULT NULL,
  PRIMARY KEY (`id`),
  KEY `codigo_artefacto` (`codigo_artefacto`)
) ENGINE=InnoDB AUTO_INCREMENT=1001 DEFAULT CHARSET=utf8mb4;

--
-- Volcado de datos para la tabla `usuario`
--

INSERT INTO `usuario` (`id`, `nombre`, `correo`, `telefono`, `contrasena`, `rol`, `codigo_artefacto`) VALUES
(1, 'Christin Morillas', 'cmorillas0@arizona.edu', '9852810165', 'Mp86vxrPwEOH', 'Tutor', 1),
(2, 'Rod McGillivray', 'rmcgillivray1@pcworld.com', '2092249490', 'VqIjkLRGDt', 'Encargado', NULL),
(3, 'Morty Armfirld', 'marmfirld2@discuz.net', '7026907473', 'gEdfoG', 'Madre', NULL),
(4, 'Micheline Portingale', 'mportingale3@blinklist.com', '6251592293', 'VG8GcdCHS', 'Encargado', NULL),
(5, 'Cairistiona Lutman', 'clutman4@mayoclinic.com', '1316575113', 'cPbbAE', 'Padre', NULL),
(6, 'Dreddy Bradock', 'dbradock5@netscape.com', '9403259783', 'AFZzF4fkVh4', 'Tutor', NULL),
(7, 'Amye Kemell', 'akemell6@amazon.com', '8977923995', '5y8tR8B3', 'Tutor', NULL),
(8, 'Lucila Okenfold', 'lokenfold7@is.gd', '1614948413', 'NuevsLWwL', 'Tutor', NULL),
(9, 'Joey Grishankov', 'jgrishankov8@paypal.com', '4844304660', 'UbrQGKgAYS', 'Madre', NULL),
(10, 'Phelia Allbones', 'pallbones9@wordpress.org', '4367195998', 'DNKQRpsz', 'Tutor', NULL),
(11, 'Harlene O\'Hegertie', 'hohegertiea@360.cn', '4043579409', '9lIqaAz', 'Encargado', NULL),
(12, 'Gilligan Primo', 'gprimob@exblog.jp', '6196172705', '5npzCpAR41', 'Tutor', NULL),
(13, 'Valery Franz-Schoninger', 'vfranzschoningerc@jugem.jp', '7654594693', 'dpPEkFRj', 'Padre', NULL),
(14, 'Riva Berkery', 'rberkeryd@amazonaws.com', '7275460081', 'yOkY0Dpq2h', 'Tutor', NULL),
(15, 'Nolan Sweatman', 'nsweatmane@washington.edu', '8641245119', 'knTWmjWN', 'Encargado', NULL),
(16, 'Phylys Okker', 'pokkerf@macromedia.com', '6634584899', 'S0R58x1vsP', 'Madre', NULL),
(17, 'Dyane Twinbourne', 'dtwinbourneg@facebook.com', '4887209867', 'ot2BddpsmO', 'Encargado', NULL),
(18, 'Vinnie Wordsley', 'vwordsleyh@umich.edu', '9219609294', 'wOaXS7IO', 'Madre', NULL),
(19, 'Carena Rhydderch', 'crhydderchi@flickr.com', '7645509164', 'E8LxX2Z', 'Madre', NULL),
(20, 'Irv Beyer', 'ibeyerj@spiegel.de', '5375015222', 'wQeUSPBxkou', 'Tutor', NULL),
(21, 'Monro Thew', 'mthewk@w3.org', '9272735144', 'yVWOMr', 'Encargado', NULL),
(22, 'Nicky Byrcher', 'nbyrcherl@toplist.cz', '5044929800', 'VMGqAAyki', 'Encargado', NULL),
(23, 'Siobhan Hodge', 'shodgem@netlog.com', '8381433260', '6pOkzu', 'Padre', NULL),
(24, 'Winston Romaine', 'wromainen@paginegialle.it', '4108968679', 'ivLyp7fU1U', 'Madre', NULL),
(25, 'Lamond Pauletti', 'lpaulettio@wsj.com', '1413671109', 'CzNeZyklT', 'Encargado', NULL),
(26, 'Sheree Binner', 'sbinnerp@surveymonkey.com', '8343293074', 'YD4xhMLUBG', 'Madre', NULL),
(27, 'Cassey Gow', 'cgowq@mashable.com', '6614448801', 'FG4pglOHvY', 'Tutor', NULL),
(28, 'Esteban Coleyshaw', 'ecoleyshawr@upenn.edu', '3973453410', 'lFWttPp', 'Tutor', NULL),
(29, 'Vivienne Jenkin', 'vjenkins@google.es', '7303068277', '6DtkRqD', 'Padre', NULL),
(30, 'Korry Lafaye', 'klafayet@wix.com', '8668163040', 'ZQo0L8', 'Encargado', NULL),
(31, 'Arnie Gouldeby', 'agouldebyu@topsy.com', '8269927746', 'mQQgyGyL0', 'Padre', NULL),
(32, 'Lindon Archibould', 'larchibouldv@feedburner.com', '5737581120', 'kOk7aUwWUR', 'Tutor', NULL),
(33, 'Felecia Hadleigh', 'fhadleighw@earthlink.net', '8319320862', '8Kp5ePtF', 'Encargado', NULL),
(34, 'Kendricks Worsom', 'kworsomx@google.co.uk', '2646307757', '3vcncYsD1s', 'Encargado', NULL),
(35, 'Pat Hymans', 'phymansy@cnbc.com', '3846358543', 'XzmsEM7', 'Padre', NULL),
(36, 'Falito Kinkead', 'fkinkeadz@studiopress.com', '1273230848', 'BxuFbto6', 'Padre', NULL),
(37, 'Delano Bierton', 'dbierton10@slideshare.net', '6152552625', 'bzh7xf', 'Padre', NULL),
(38, 'Allie Sapena', 'asapena11@ibm.com', '7332480328', 'pwMVcHj', 'Encargado', NULL),
(39, 'Cheslie Halsho', 'chalsho12@mtv.com', '7902117038', 'AvV5wey1YZc3', 'Madre', NULL),
(40, 'Martino Tuffell', 'mtuffell13@mit.edu', '1615432959', '30MtVZAqJO', 'Encargado', NULL),
(41, 'Hesther Banker', 'hbanker14@reddit.com', '1772284295', 'UV49hD', 'Encargado', NULL),
(42, 'Demetria Preto', 'dpreto15@blogger.com', '7406286214', 'mcboQLKkq', 'Padre', NULL),
(43, 'Ruddy Tolliday', 'rtolliday16@sphinn.com', '5104208392', 'dpg2zFyYrgnn', 'Encargado', NULL),
(44, 'Enrika Trenholme', 'etrenholme17@google.com.br', '9707516281', 'zRwt2NO', 'Tutor', NULL),
(45, 'Noami Kirkup', 'nkirkup18@squidoo.com', '4241942899', '1UaIzP4rMTNf', 'Padre', NULL),
(46, 'Albertine Biaggelli', 'abiaggelli19@mediafire.com', '3969401234', 'nYo6TkFuLaUu', 'Madre', NULL),
(47, 'Janeczka Maha', 'jmaha1a@xinhuanet.com', '3358814296', '1T2OOhPI', 'Encargado', NULL),
(48, 'Cordelie Cox', 'ccox1b@dailymotion.com', '7313613807', 'cDQ3mNW5Dx', 'Encargado', NULL),
(49, 'Twyla Alcalde', 'talcalde1c@intel.com', '9996447485', 'sZXoj0', 'Encargado', NULL),
(50, 'Salomi Teliga', 'steliga1d@netlog.com', '8726518043', 'sWMowM', 'Tutor', NULL),
(51, 'Tamera Wrack', 'twrack1e@artisteer.com', '6741732437', 'exp0dEgC', 'Madre', NULL),
(52, 'Barry Diehn', 'bdiehn1f@nba.com', '8761597708', 'lwj5FVzT4naE', 'Padre', NULL),
(53, 'Sal Hugett', 'shugett1g@facebook.com', '6578191234', 'ipLLwVyR1', 'Tutor', NULL),
(54, 'Pansie Rummings', 'prummings1h@si.edu', '8125724587', 'AkPWeGA3d', 'Encargado', NULL),
(55, 'Derick Pressnell', 'dpressnell1i@bing.com', '1224071879', 'GClPVy', 'Madre', NULL),
(56, 'Ric Carles', 'rcarles1j@issuu.com', '2332687825', 'SMEdRpfe', 'Encargado', NULL),
(57, 'Tomaso Hammarberg', 'thammarberg1k@feedburner.com', '8701291032', 'Q1t19Sws', 'Padre', NULL),
(58, 'Nial MacDaid', 'nmacdaid1l@twitpic.com', '2522710061', 'uy7UlQd45', 'Padre', NULL),
(59, 'Netta Wisbey', 'nwisbey1m@multiply.com', '1797805092', 'wd69ID', 'Madre', NULL),
(60, 'Hazel Oram', 'horam1n@about.me', '5881385029', 'IBmrO1', 'Encargado', NULL),
(61, 'Jamie Malter', 'jmalter1o@dailymail.co.uk', '2348183996', '63lpqHrW', 'Encargado', NULL),
(62, 'Carita Flipsen', 'cflipsen1p@icio.us', '6754047929', 'DrPuoyvaOF', 'Madre', NULL),
(63, 'Omar Buckell', 'obuckell1q@apple.com', '2681685129', 'cUfQPnW3Hx', 'Madre', NULL),
(64, 'Fayette Blowfield', 'fblowfield1r@blinklist.com', '8723173163', 'lEMPTjLVc', 'Encargado', NULL),
(65, 'Gretchen Tink', 'gtink1s@craigslist.org', '3707589936', 'R09j5r4m', 'Madre', NULL),
(66, 'Dmitri McCart', 'dmccart1t@ucoz.com', '4817550097', 'TorBanqF', 'Tutor', NULL),
(67, 'Reagan Cayet', 'rcayet1u@google.es', '5885971582', 'GC2hLGnC3', 'Encargado', NULL),
(68, 'Ferrell Gandley', 'fgandley1v@salon.com', '6693329452', '3zxOqU1R1rY', 'Encargado', NULL),
(69, 'Cornell Rippen', 'crippen1w@weibo.com', '7951450800', 'S4ITe6r', 'Madre', NULL),
(70, 'Hannie Winsley', 'hwinsley1x@themeforest.net', '5018487769', 'RzHPPlLPdGAC', 'Padre', NULL),
(71, 'Chandra Marrows', 'cmarrows1y@sakura.ne.jp', '7135638371', 'irW7HlHa9Bkn', 'Padre', NULL),
(72, 'Bary Renihan', 'brenihan1z@hhs.gov', '8584640660', 'zjYtEYkdI', 'Encargado', NULL),
(73, 'Mercy Dooley', 'mdooley20@ow.ly', '3147657657', 'IbF8gZX', 'Madre', NULL),
(74, 'Shell Kydd', 'skydd21@slideshare.net', '3681148368', '7WveNgRdT', 'Madre', NULL),
(75, 'Akim Diddams', 'adiddams22@telegraph.co.uk', '3549282858', 'ijXuP4Kn9nrJ', 'Padre', NULL),
(76, 'Justinian Needham', 'jneedham23@cbslocal.com', '8791784607', '2N7wuUECKcz', 'Madre', NULL),
(77, 'Thorsten Rohlfing', 'trohlfing24@globo.com', '1768781443', 'leY6NgDQ6', 'Padre', NULL),
(78, 'Hollis O\'Reagan', 'horeagan25@bandcamp.com', '9916281529', '8akel5arJ59', 'Padre', NULL),
(79, 'Kaile Took', 'ktook26@china.com.cn', '6627412715', 'xIMDs33oCwq', 'Padre', NULL),
(80, 'Hernando Rignall', 'hrignall27@vkontakte.ru', '3761104140', 'uqpsXxSao', 'Tutor', NULL),
(81, 'Elia Look', 'elook28@who.int', '4432386998', 'slXcmMf6MPW', 'Madre', NULL),
(82, 'Morten Lovelock', 'mlovelock29@deliciousdays.com', '9049934458', 'kXt5kJ3NFCaS', 'Madre', NULL),
(83, 'Arel Deuss', 'adeuss2a@chicagotribune.com', '1955875767', 'Jhi3FeQ', 'Encargado', NULL),
(84, 'Marlane Huetson', 'mhuetson2b@technorati.com', '5486492413', 'UWATqMBP5Rz', 'Padre', NULL),
(85, 'Northrop Patershall', 'npatershall2c@people.com.cn', '4553866714', '8Z6Niw', 'Padre', NULL),
(86, 'Quinta Confait', 'qconfait2d@time.com', '2754061595', 'U9hyCki9Vz', 'Encargado', NULL),
(87, 'Amy Stroban', 'astroban2e@liveinternet.ru', '6615708080', 'J1Dgagz38F', 'Madre', NULL),
(88, 'Wash Clilverd', 'wclilverd2f@goo.gl', '4503369176', 'W337sM', 'Padre', NULL),
(89, 'Adiana Keitch', 'akeitch2g@psu.edu', '6209736821', 'tL6AQkGF5Uj3', 'Encargado', NULL),
(90, 'Wynn Hutcheon', 'whutcheon2h@feedburner.com', '7233131530', '1Pz711NpmJd', 'Padre', NULL),
(91, 'Massimiliano Sharpe', 'msharpe2i@lulu.com', '1669220043', 'p9DZr2', 'Padre', NULL),
(92, 'Janelle Meineken', 'jmeineken2j@google.com.br', '1245753136', '5QIt9Uvsea', 'Padre', NULL),
(93, 'Yolande Mussotti', 'ymussotti2k@bizjournals.com', '5337414919', 'mxzDeBYVgEWT', 'Tutor', NULL),
(94, 'Artie Hankin', 'ahankin2l@elpais.com', '7045933513', 'l9ZVhqhdb', 'Madre', NULL),
(95, 'Orazio Wakerley', 'owakerley2m@photobucket.com', '6828710817', '3B04EBorFxBt', 'Tutor', NULL),
(96, 'Sylvia Bamling', 'sbamling2n@nyu.edu', '2159640462', 'FKLQSKpTWB', 'Tutor', NULL),
(97, 'Eben Josovitz', 'ejosovitz2o@usa.gov', '3992337027', 'Y9B2as5ZZ', 'Tutor', NULL),
(98, 'Artie Rudman', 'arudman2p@aboutads.info', '1518611255', '35PVa4Sp3EO', 'Encargado', NULL),
(99, 'Marven Collyer', 'mcollyer2q@epa.gov', '9969781010', 'j65agc0Vpu8C', 'Madre', NULL),
(100, 'Clementine Baldung', 'cbaldung2r@comsenz.com', '4987362465', 'EHBs8ZY1lD', 'Padre', NULL),
(101, 'Delila Iacobo', 'diacobo2s@privacy.gov.au', '7809946600', 'y7Gi3eVpLk', 'Madre', NULL),
(102, 'Darcie Ponten', 'dponten2t@hugedomains.com', '9043496229', 'OyGu39', 'Padre', NULL),
(103, 'Dorisa Beddoes', 'dbeddoes2u@vistaprint.com', '3556419397', '6dcYoOkRd49', 'Tutor', NULL),
(104, 'Monroe Bastide', 'mbastide2v@simplemachines.org', '7779512240', 'X5zwshzENzz', 'Encargado', NULL),
(105, 'Garfield Eckford', 'geckford2w@shutterfly.com', '1267347243', 'KlYfxNmts', 'Encargado', NULL),
(106, 'Ferrell Deftie', 'fdeftie2x@amazon.co.uk', '4608312123', 'ItZ2H29Aj7', 'Encargado', NULL),
(107, 'Janot Stemp', 'jstemp2y@google.com.hk', '8811672737', 'o0FjSQMWx6u', 'Padre', NULL),
(108, 'Fanny Speddin', 'fspeddin2z@ning.com', '3774607391', 'tTprmwE8nQt', 'Encargado', NULL),
(109, 'Ber Manlow', 'bmanlow30@google.cn', '5834461905', 'AG7886E', 'Tutor', NULL),
(110, 'Flss Danzey', 'fdanzey31@free.fr', '7518353125', 'zKyE6svM', 'Encargado', NULL),
(111, 'Allin Kernar', 'akernar32@ucsd.edu', '6574178899', 'K95tHBroWD72', 'Encargado', NULL),
(112, 'Ada Perschke', 'aperschke33@woothemes.com', '6469755573', 'OLLzGjux', 'Padre', NULL),
(113, 'Romeo Puig', 'rpuig34@phoca.cz', '9771464874', '11eru89Ux', 'Tutor', NULL),
(114, 'Jasen Dunning', 'jdunning35@yale.edu', '6299709377', 'B3QTtEIwCL', 'Tutor', NULL),
(115, 'Aurel Hearsey', 'ahearsey36@naver.com', '8866153958', 'yl0d6QJ4', 'Tutor', NULL),
(116, 'Darius Mistry', 'dmistry37@icq.com', '1207539472', '1HNICpmm51Zv', 'Madre', NULL),
(117, 'Danell Dilloway', 'ddilloway38@wikimedia.org', '2102181883', 'm3l6hmsuwG', 'Padre', NULL),
(118, 'Jaclin Eilers', 'jeilers39@wisc.edu', '2972874957', 'v8o1KO7UpQC', 'Padre', NULL),
(119, 'Ryann Hehir', 'rhehir3a@omniture.com', '2854014127', '0KfuebR', 'Madre', NULL),
(120, 'Dom Frenchum', 'dfrenchum3b@prnewswire.com', '5786611571', '3LN00NHq', 'Madre', NULL),
(121, 'Fallon Poskitt', 'fposkitt3c@zimbio.com', '2123092242', 'fnTw1VfElOY', 'Tutor', NULL),
(122, 'Jabez Joron', 'jjoron3d@ox.ac.uk', '6501549941', 'jewpXgpqoCUJ', 'Tutor', NULL),
(123, 'Trev Shafe', 'tshafe3e@live.com', '8954373844', 'U34nECT', 'Tutor', NULL),
(124, 'Bartholomew Knapman', 'bknapman3f@telegraph.co.uk', '1059835380', 'TzoODY', 'Encargado', NULL),
(125, 'Amitie Trevenu', 'atrevenu3g@ox.ac.uk', '7758380821', 'YN99XDN2uM', 'Tutor', NULL),
(126, 'Moria Megroff', 'mmegroff3h@istockphoto.com', '2939890179', 'NnpJXWmwz', 'Madre', NULL),
(127, 'Toddie Giacomini', 'tgiacomini3i@prnewswire.com', '1359634937', 'aaCkSA', 'Encargado', NULL),
(128, 'Elroy Renfield', 'erenfield3j@cdc.gov', '3272423807', 'GfpDTErB', 'Tutor', NULL),
(129, 'Sibbie Bowshire', 'sbowshire3k@hostgator.com', '3424244254', 'xUFTRQG', 'Madre', NULL),
(130, 'Selinda Fulle', 'sfulle3l@over-blog.com', '2409050360', 'Qf3YDHwR7W', 'Padre', NULL),
(131, 'Meggy Wabersich', 'mwabersich3m@elpais.com', '7132084794', '5kYH8y', 'Padre', NULL),
(132, 'Filip Lanfere', 'flanfere3n@domainmarket.com', '2338019311', '8aFLAPs78n', 'Encargado', NULL),
(133, 'Clotilda Manuello', 'cmanuello3o@cpanel.net', '1025048293', 'gU0uMsQKfqS', 'Madre', NULL),
(134, 'Shayla Enderle', 'senderle3p@patch.com', '3149879932', '4Gamf0', 'Padre', NULL),
(135, 'Currie Hritzko', 'chritzko3q@shop-pro.jp', '6195072893', '527OkMXi', 'Tutor', NULL),
(136, 'Coral Sellen', 'csellen3r@networkadvertising.org', '6974422077', 'rpPtdFndI', 'Padre', NULL),
(137, 'Stephi Curnow', 'scurnow3s@technorati.com', '1904550867', 'nFNF4pymuYaQ', 'Madre', NULL),
(138, 'Malchy Archbold', 'marchbold3t@scribd.com', '4855276095', 'CBjb3RXIw2TZ', 'Encargado', NULL),
(139, 'Nikos Cussons', 'ncussons3u@hud.gov', '6373460824', 'gGa1f0CL2', 'Tutor', NULL),
(140, 'Fernande Vannet', 'fvannet3v@irs.gov', '1955269340', '4F6VFMCJfZi', 'Encargado', NULL),
(141, 'Lorenzo Heppenspall', 'lheppenspall3w@unc.edu', '4921712413', 'hHg3tnXpmHm', 'Encargado', NULL),
(142, 'Brenda Wilsone', 'bwilsone3x@prweb.com', '6461571207', 'Y1T2j9rqsLbc', 'Madre', NULL),
(143, 'Case Lampett', 'clampett3y@etsy.com', '1629658784', 'apx6QQz', 'Encargado', NULL),
(144, 'Francene Bamblett', 'fbamblett3z@bandcamp.com', '5043300004', '6TgfrU', 'Encargado', NULL),
(145, 'Cayla Wolverson', 'cwolverson40@shinystat.com', '5593354523', 'QCtjEFbIpyx', 'Madre', NULL),
(146, 'Bailie Enever', 'benever41@sina.com.cn', '1113323895', 'iy73kN6swi', 'Madre', NULL),
(147, 'Tiphanie Shankle', 'tshankle42@phoca.cz', '1713240292', 'eeKXtffoij7a', 'Encargado', NULL),
(148, 'Hans O\'Doohaine', 'hodoohaine43@symantec.com', '2999184193', '8ESyg55Dx', 'Madre', NULL),
(149, 'Clare Davies', 'cdavies44@homestead.com', '1347751215', 'k60sIrhM', 'Padre', NULL),
(150, 'Domini Kleeman', 'dkleeman45@soundcloud.com', '8266595553', '9MbO9Rtfg', 'Padre', NULL),
(151, 'Lora Bowich', 'lbowich46@myspace.com', '9752921536', 'nuky51OM', 'Tutor', NULL),
(152, 'Floria Chugg', 'fchugg47@cisco.com', '8452686150', 'QDTkVomlMyuR', 'Tutor', NULL),
(153, 'Jillian Males', 'jmales48@yolasite.com', '3636441802', 'WwiXPP6', 'Encargado', NULL),
(154, 'Urbanus Ewbanke', 'uewbanke49@abc.net.au', '5033905226', 'pHEPKb1', 'Madre', NULL),
(155, 'Kerianne D\'Ambrogio', 'kdambrogio4a@deviantart.com', '9222753312', 'rgrULed', 'Tutor', NULL),
(156, 'Sharla Baron', 'sbaron4b@army.mil', '3485461453', 'V7QsRDTOM4', 'Encargado', NULL),
(157, 'Georgena Sawden', 'gsawden4c@army.mil', '7955501884', 'a9oDr8c6P', 'Padre', NULL),
(158, 'Federico Danelet', 'fdanelet4d@example.com', '7073128952', 'dEjS0v3tns', 'Encargado', NULL),
(159, 'Arv Tearny', 'atearny4e@simplemachines.org', '7995830706', 'mlRqXgn', 'Encargado', NULL),
(160, 'Aubry Desorts', 'adesorts4f@myspace.com', '2375190591', 'mMSA0jEmbc', 'Padre', NULL),
(161, 'Karalynn Mound', 'kmound4g@amazon.de', '6706507689', 'jffIdcJYSgPU', 'Encargado', NULL),
(162, 'Carleton Mongenot', 'cmongenot4h@skyrock.com', '2043307135', 'kFylIha', 'Madre', NULL),
(163, 'Charmian Skudder', 'cskudder4i@flavors.me', '9191817486', 'JlBI1AYned', 'Madre', NULL),
(164, 'Shane Degli Abbati', 'sdegli4j@dailymail.co.uk', '2285137983', '9a46jWX0Ox', 'Tutor', NULL),
(165, 'Faina Knighton', 'fknighton4k@mashable.com', '1489053889', 'w01Zz1QUkKr', 'Encargado', NULL),
(166, 'Cinnamon Orsman', 'corsman4l@cam.ac.uk', '8057813555', '40oKdFKG', 'Tutor', NULL),
(167, 'Nial Hrinishin', 'nhrinishin4m@yandex.ru', '9689476146', 'sBKohIKOxGl6', 'Madre', NULL),
(168, 'Bendite Henmarsh', 'bhenmarsh4n@oakley.com', '1025329101', 'aDrMaw', 'Tutor', NULL),
(169, 'Kristi Busk', 'kbusk4o@hatena.ne.jp', '6077039988', '5MCGf1', 'Tutor', NULL),
(170, 'Deny O\'Scanlan', 'doscanlan4p@weather.com', '9388130765', 'qucOVS3M', 'Encargado', NULL),
(171, 'Jacqui Chinnock', 'jchinnock4q@jiathis.com', '8367080399', 'gyArIaOgnUS7', 'Encargado', NULL),
(172, 'Tonnie Lefridge', 'tlefridge4r@vkontakte.ru', '9727250010', 'qC7qVlBtFk', 'Tutor', NULL),
(173, 'Cesare Wybrew', 'cwybrew4s@paypal.com', '2493133877', 'TJmtW8S2e', 'Encargado', NULL),
(174, 'Tobe Kuhnert', 'tkuhnert4t@cisco.com', '2899642598', 'SDPF7zwCKl', 'Tutor', NULL),
(175, 'Heidi Lindermann', 'hlindermann4u@cloudflare.com', '8945582939', 'lCcuvQ', 'Padre', NULL),
(176, 'Arielle Goligher', 'agoligher4v@sakura.ne.jp', '2955220553', 'xjnq1b6P', 'Padre', NULL),
(177, 'Rodina Spreull', 'rspreull4w@joomla.org', '8313232297', 'hjIGOi8K', 'Madre', NULL),
(178, 'Nye Hoppner', 'nhoppner4x@qq.com', '4394291165', '19EyoU1Ajj', 'Padre', NULL),
(179, 'Wilmar Elford', 'welford4y@china.com.cn', '4516812572', 'rjKcbYNvrss', 'Madre', NULL),
(180, 'Natale Potkins', 'npotkins4z@lulu.com', '8857483886', 'uPEUJ3a', 'Encargado', NULL),
(181, 'Dyanna Hearnah', 'dhearnah50@washingtonpost.com', '3222560730', 'Devi6mld', 'Padre', NULL),
(182, 'Field Sylvester', 'fsylvester51@chicagotribune.com', '5454005369', 'oTTT5it7T', 'Madre', NULL),
(183, 'Dion Flower', 'dflower52@abc.net.au', '5236968423', 'f8CjaMVnqI', 'Padre', NULL),
(184, 'Lilly Conaghan', 'lconaghan53@domainmarket.com', '9545441241', 'l0XOCj5l', 'Tutor', NULL),
(185, 'Ericha Benedicto', 'ebenedicto54@loc.gov', '3678989105', 'eF6hZCRxb6v', 'Madre', NULL),
(186, 'Quintana Joyner', 'qjoyner55@skype.com', '5373464760', 'YCmPUt', 'Madre', NULL),
(187, 'Franny McTrustam', 'fmctrustam56@marriott.com', '3844546948', '4CXx6ZBHk', 'Encargado', NULL),
(188, 'Hamel Houten', 'hhouten57@sciencedaily.com', '8366599942', '3bPqEBB7h2uW', 'Tutor', NULL),
(189, 'Juditha Doorey', 'jdoorey58@godaddy.com', '5151750817', 'cbUAXHGO', 'Tutor', NULL),
(190, 'Griffin Howlings', 'ghowlings59@live.com', '3111734983', 'Sr08VtlM4F', 'Encargado', NULL),
(191, 'Rabbi Hazelton', 'rhazelton5a@hugedomains.com', '3354118411', 'PK5tdvbhA', 'Encargado', NULL),
(192, 'Hyatt Doveston', 'hdoveston5b@naver.com', '4135863172', 'mx4XaTuLL', 'Encargado', NULL),
(193, 'Elizabet Samett', 'esamett5c@cocolog-nifty.com', '4562235339', '2J2JMvbCAnHG', 'Padre', NULL),
(194, 'Davidde Novotni', 'dnovotni5d@purevolume.com', '4133064001', 'oAbTCTAsm', 'Padre', NULL),
(195, 'Nickie Stanier', 'nstanier5e@columbia.edu', '6903760616', 'HNElu4', 'Padre', NULL),
(196, 'Pamella Male', 'pmale5f@nyu.edu', '2006594020', 'aDlbK1uvndf', 'Tutor', NULL),
(197, 'Susana Abbets', 'sabbets5g@flickr.com', '7737629221', 'sXkDzy4', 'Padre', NULL),
(198, 'Giorgio Kohnemann', 'gkohnemann5h@opera.com', '8815118612', 'ivbSHbB', 'Madre', NULL),
(199, 'Eolande Vinau', 'evinau5i@ucsd.edu', '8437385166', '73SxAY8v', 'Tutor', NULL),
(200, 'Eunice Stare', 'estare5j@4shared.com', '4894479697', 'bgcMYBdIDHO', 'Madre', NULL),
(201, 'Petra McMillan', 'pmcmillan5k@google.es', '7976436653', 'y7Lmn3eb', 'Tutor', NULL),
(202, 'Ryun Monahan', 'rmonahan5l@redcross.org', '6462210946', 'wadzJwy', 'Tutor', NULL),
(203, 'Ladonna McGuffog', 'lmcguffog5m@adobe.com', '8643628086', '58XtXpZa4y9', 'Padre', NULL),
(204, 'Kendrick Annies', 'kannies5n@reddit.com', '8683918049', 'CtDzv0Sb5JRL', 'Madre', NULL),
(205, 'Julieta Pusey', 'jpusey5o@multiply.com', '1551257671', 'vUq6J5WU', 'Madre', NULL),
(206, 'Arin Faucett', 'afaucett5p@storify.com', '3167417160', 'SyXHfENzW', 'Padre', NULL),
(207, 'Jayne Float', 'jfloat5q@examiner.com', '9231252654', '9ryIUw', 'Encargado', NULL),
(208, 'Marjie Bucklee', 'mbucklee5r@arstechnica.com', '9721649757', 'lzWFAT', 'Madre', NULL),
(209, 'Marj Stennard', 'mstennard5s@craigslist.org', '4798978413', '9uedhIQIj', 'Tutor', NULL),
(210, 'Bryn Willavoys', 'bwillavoys5t@bbc.co.uk', '4173928904', 'hOx9GOgzAHl', 'Tutor', NULL),
(211, 'Kerstin Gaddie', 'kgaddie5u@latimes.com', '8542285138', 'Utvsq5irJ6Qy', 'Padre', NULL),
(212, 'Ronny Durant', 'rdurant5v@irs.gov', '5394709393', '6GU4wIxfjw', 'Madre', NULL),
(213, 'Flemming Kornalik', 'fkornalik5w@topsy.com', '9428622728', 'r9wPbzMCP9', 'Encargado', NULL),
(214, 'Georas Streader', 'gstreader5x@home.pl', '6736531394', 'BYwzjK', 'Padre', NULL),
(215, 'Fowler Warrener', 'fwarrener5y@simplemachines.org', '5765487914', 'KjnSgR', 'Padre', NULL),
(216, 'Waverley Janca', 'wjanca5z@sogou.com', '3537984515', 'G43lM8TaNXyz', 'Encargado', NULL),
(217, 'Erny Casterton', 'ecasterton60@senate.gov', '3907562008', 'bCUSWVcQ', 'Encargado', NULL),
(218, 'Jacquie Tuley', 'jtuley61@acquirethisname.com', '3053663369', 'UMwz6r0oJ', 'Tutor', NULL),
(219, 'Grange Trattles', 'gtrattles62@de.vu', '2789203977', '2EyT5p', 'Encargado', NULL),
(220, 'Brnaba Christol', 'bchristol63@clickbank.net', '6236139168', 'uGJ7qGkdzo', 'Tutor', NULL),
(221, 'Ardelia Blackater', 'ablackater64@eventbrite.com', '6868179205', 'D0Y4Bk3pyhs', 'Encargado', NULL),
(222, 'Adina Senechault', 'asenechault65@blogs.com', '9016848500', '7lGiPpJRQod', 'Padre', NULL),
(223, 'Ofelia Karolyi', 'okarolyi66@go.com', '7402702848', 'NXOsYU', 'Encargado', NULL),
(224, 'Michaela Skehan', 'mskehan67@ifeng.com', '4388923058', 'epkPvf5VAL', 'Encargado', NULL),
(225, 'Jakie Flescher', 'jflescher68@unc.edu', '2044136115', 'QsSRxoqbgaAe', 'Madre', NULL),
(226, 'Del Fero', 'dfero69@nih.gov', '5859548594', 'dSNJRIq6d3Nq', 'Padre', NULL),
(227, 'Valenka Vane', 'vvane6a@twitter.com', '5597270906', 'D4xD54g14', 'Encargado', NULL),
(228, 'Roanna Prine', 'rprine6b@list-manage.com', '9501353549', 'QF0nec', 'Padre', NULL),
(229, 'Iona Posse', 'iposse6c@noaa.gov', '2614410331', 'mLNqBD9CV2n', 'Tutor', NULL),
(230, 'Jobi Billingsley', 'jbillingsley6d@nasa.gov', '3391872952', 'PfZTOyvm1B9', 'Encargado', NULL),
(231, 'Bartholomew Lander', 'blander6e@mapquest.com', '3523470308', 'DkqhYPOdl', 'Madre', NULL),
(232, 'Ker Yurinov', 'kyurinov6f@phpbb.com', '4264394758', 'ehGxLDu63', 'Madre', NULL),
(233, 'Minta Gofford', 'mgofford6g@wix.com', '9947455633', 'Ki2KprgSz2y', 'Tutor', NULL),
(234, 'Raviv Carling', 'rcarling6h@cnbc.com', '5148584788', 'D1U2uXI7Q8', 'Madre', NULL),
(235, 'Gertruda Antham', 'gantham6i@sourceforge.net', '5045328288', 'YSaO1jlKq', 'Padre', NULL),
(236, 'Thomasin Boorman', 'tboorman6j@g.co', '1361737094', 'oI1jGCrlxa', 'Padre', NULL),
(237, 'Cirilo Sanper', 'csanper6k@mozilla.org', '2715875598', 'Rtngd7R2fTkF', 'Encargado', NULL),
(238, 'Buffy Pye', 'bpye6l@admin.ch', '3984525892', 'OpZfqkmnvDc3', 'Encargado', NULL),
(239, 'Minetta McKinless', 'mmckinless6m@ask.com', '2971412318', '08wunP', 'Madre', NULL),
(240, 'Elisha Stiffell', 'estiffell6n@shinystat.com', '6413929684', 'E71uyEg', 'Padre', NULL),
(241, 'Shawn Peto', 'speto6o@msn.com', '6072572236', 'DziAIV', 'Padre', NULL),
(242, 'Laryssa Oley', 'loley6p@bloglines.com', '8953024763', 'yt5AHwJCV', 'Padre', NULL),
(243, 'Felice Sarton', 'fsarton6q@omniture.com', '8737409847', 'CxsskhlcgUPM', 'Madre', NULL),
(244, 'Callean Marr', 'cmarr6r@bbc.co.uk', '8325842184', '9fsyMy', 'Madre', NULL),
(245, 'August Flavelle', 'aflavelle6s@google.fr', '3608745186', 'nM0KSHF90Pkk', 'Madre', NULL),
(246, 'Haley Maryman', 'hmaryman6t@timesonline.co.uk', '8384350164', 'BKJ8Qeu', 'Tutor', NULL),
(247, 'Clara Harbottle', 'charbottle6u@yellowbook.com', '6995969151', 'JI8VBVsNEda', 'Madre', NULL),
(248, 'Domenic Nutt', 'dnutt6v@vinaora.com', '6485628096', 'Q3ZT213Od', 'Madre', NULL),
(249, 'Alejoa Burroughes', 'aburroughes6w@canalblog.com', '7326312407', 'W2nSr3V6AN', 'Madre', NULL),
(250, 'Karlotte Southers', 'ksouthers6x@artisteer.com', '6086009481', 'o6IvMK3Q', 'Padre', NULL),
(251, 'Roseanne Congreve', 'rcongreve6y@nih.gov', '4806747244', 'PYm2WxH23', 'Tutor', NULL),
(252, 'Luelle Cammish', 'lcammish6z@yale.edu', '5536004143', 'DskSZ0wYZ4t', 'Encargado', NULL),
(253, 'Laird Alsopp', 'lalsopp70@ucla.edu', '9982568918', 'M4ob1uGu', 'Madre', NULL),
(254, 'Manfred Cramond', 'mcramond71@icio.us', '4148452498', '9lVZLV', 'Encargado', NULL),
(255, 'Janette Teresse', 'jteresse72@w3.org', '2426656634', '95WC00W0KA4', 'Encargado', NULL),
(256, 'Nevsa Gellert', 'ngellert73@miibeian.gov.cn', '4803368299', 'v0Ypd6LZDCr', 'Madre', NULL),
(257, 'Emma Garrould', 'egarrould74@admin.ch', '8313180285', 'gV3Iypb', 'Padre', NULL),
(258, 'Johnna Westcot', 'jwestcot75@economist.com', '8507233008', 'fyaOJ8QqxA', 'Madre', NULL),
(259, 'Christophorus Adie', 'cadie76@php.net', '5959757267', 'PYi3zEl', 'Tutor', NULL),
(260, 'Darius Christon', 'dchriston77@kickstarter.com', '4357839596', 'R56FuFT0h8', 'Encargado', NULL),
(261, 'Brett Mattusov', 'bmattusov78@fema.gov', '8477652570', 'ynFISd', 'Tutor', NULL),
(262, 'Rozalie Sabathier', 'rsabathier79@skype.com', '2899547108', 'ZetASgoN9', 'Tutor', NULL),
(263, 'Marcille Coie', 'mcoie7a@meetup.com', '3271535084', '9mU4mbIZV', 'Madre', NULL),
(264, 'Damara MacPadene', 'dmacpadene7b@nih.gov', '2034889355', 'wbNtOvTVN', 'Padre', NULL),
(265, 'Kearney Nineham', 'knineham7c@dmoz.org', '7644623426', 'DVjQzIg', 'Madre', NULL),
(266, 'Locke Stenett', 'lstenett7d@homestead.com', '6429628583', 'knGVJy', 'Encargado', NULL),
(267, 'Gibby Ruddlesden', 'gruddlesden7e@diigo.com', '9594185921', 'iUWpqXpbDl', 'Padre', NULL),
(268, 'Alis Lomb', 'alomb7f@ovh.net', '4665410301', 's9XXDWdW9Qg', 'Padre', NULL),
(269, 'Lotte Soane', 'lsoane7g@thetimes.co.uk', '2674966738', 'fj9qyz', 'Padre', NULL),
(270, 'Edsel Kilban', 'ekilban7h@springer.com', '8514595843', '2GKGxx', 'Padre', NULL),
(271, 'Pace Balke', 'pbalke7i@pbs.org', '9438711503', 'm5JjJt1t', 'Madre', NULL),
(272, 'Yetty Boldock', 'yboldock7j@japanpost.jp', '5092001499', 'RqH86nuAI', 'Madre', NULL),
(273, 'Danella Mathiot', 'dmathiot7k@statcounter.com', '3362028694', 'jmJWIKUp', 'Madre', NULL),
(274, 'Donna Mawd', 'dmawd7l@arstechnica.com', '8452424732', 'EdpUcLewA', 'Tutor', NULL),
(275, 'Zara Shobrook', 'zshobrook7m@reddit.com', '1465284708', 'tE1Rc41kw4', 'Madre', NULL),
(276, 'Dar Dicey', 'ddicey7n@ehow.com', '7843650293', 'DsGHCHrosb', 'Tutor', NULL),
(277, 'Demetria Dowe', 'ddowe7o@wikispaces.com', '2403622493', 'yfIlxrGz', 'Madre', NULL),
(278, 'Alexia Egarr', 'aegarr7p@google.it', '3277223103', 'BJrqbA', 'Madre', NULL),
(279, 'Wallis Conibear', 'wconibear7q@miitbeian.gov.cn', '6424153922', 'uNjKZo7usDy', 'Padre', NULL),
(280, 'Anthony Ouldcott', 'aouldcott7r@bloglines.com', '3976070217', 'Klng3r6V9HdT', 'Encargado', NULL),
(281, 'Woodman Thorrold', 'wthorrold7s@infoseek.co.jp', '6887522026', '8a1REt3KG', 'Madre', NULL),
(282, 'Laverna MacCoveney', 'lmaccoveney7t@amazon.co.jp', '8665164911', 'qq6G1itvv6ds', 'Encargado', NULL),
(283, 'Ashton Anscott', 'aanscott7u@huffingtonpost.com', '4487070931', 'SqCrDQn3o4r', 'Tutor', NULL),
(284, 'Sinclair Abbot', 'sabbot7v@hao123.com', '7361347763', 'HBWoab6D5', 'Tutor', NULL),
(285, 'Udall Edkins', 'uedkins7w@washington.edu', '1409509026', 'ksDk64Zlzkc', 'Encargado', NULL),
(286, 'Hodge Cannings', 'hcannings7x@cpanel.net', '6064552414', '3CzE5IE', 'Madre', NULL),
(287, 'Tanitansy Birchenough', 'tbirchenough7y@upenn.edu', '2132096478', 'X6b4pW2R', 'Padre', NULL),
(288, 'Merissa Mower', 'mmower7z@sohu.com', '8432664473', 'uquuhH3', 'Encargado', NULL),
(289, 'Callean Scahill', 'cscahill80@jugem.jp', '8364433117', 'tOAgZvNZ', 'Padre', NULL),
(290, 'Brodie Perton', 'bperton81@npr.org', '6697099362', 'odu1D1', 'Encargado', NULL),
(291, 'Annabela Spivey', 'aspivey82@yelp.com', '8313471966', 'S7vOElj5', 'Madre', NULL),
(292, 'Renaud Cartan', 'rcartan83@shutterfly.com', '1218742057', 'aYD8Acplg', 'Tutor', NULL),
(293, 'Antin Richford', 'arichford84@youku.com', '1657801977', 'iNx3EOy', 'Madre', NULL),
(294, 'Constantine Shave', 'cshave85@ucoz.ru', '4223824809', 'wenkTnMyL', 'Madre', NULL),
(295, 'Kara Jope', 'kjope86@behance.net', '4841801031', 'gQ28sl', 'Madre', NULL),
(296, 'Early Shwalbe', 'eshwalbe87@so-net.ne.jp', '9938660381', '9ecZzVf', 'Madre', NULL),
(297, 'Willyt Splevins', 'wsplevins88@yahoo.com', '7471153517', 'YznhTNs', 'Encargado', NULL),
(298, 'Thaine Laxton', 'tlaxton89@zimbio.com', '4146321960', 'dCydNfQWb', 'Encargado', NULL),
(299, 'Perla Scotson', 'pscotson8a@vinaora.com', '7315912428', 'gJYGVX5fVVH', 'Encargado', NULL),
(300, 'Thorny Hatley', 'thatley8b@godaddy.com', '7296414943', '9ELsvEtcKKQ', 'Madre', NULL),
(301, 'Issy Milne', 'imilne8c@google.com.hk', '1747015508', 'aiCeYj0323', 'Padre', NULL),
(302, 'Rochester Keely', 'rkeely8d@hao123.com', '4104740442', 'ZTe90lrx', 'Encargado', NULL),
(303, 'Edmund Simcoe', 'esimcoe8e@amazon.com', '3451649209', 'Aeksmp9i26CF', 'Madre', NULL),
(304, 'Ermengarde Purrington', 'epurrington8f@nyu.edu', '9119166828', 'tfhIZ4', 'Madre', NULL),
(305, 'Mariann Greenstock', 'mgreenstock8g@macromedia.com', '8161223224', '9cln3ujKeUJf', 'Tutor', NULL),
(306, 'Tonia Hayzer', 'thayzer8h@printfriendly.com', '9015170446', 'FqoBVjloA', 'Padre', NULL),
(307, 'Gregoire Maffioletti', 'gmaffioletti8i@gizmodo.com', '2125593799', 'jLcmNVTz', 'Madre', NULL),
(308, 'Bernadine Reye', 'breye8j@lycos.com', '6623945235', 'zXNkU7XZ8MEH', 'Padre', NULL),
(309, 'Noreen Oliveto', 'noliveto8k@netlog.com', '2352609853', '2oqQIkFhwwd6', 'Tutor', NULL),
(310, 'Wake Wiffield', 'wwiffield8l@ed.gov', '1219936200', 'xQ08lLzC', 'Tutor', NULL),
(311, 'Gayler Jeanin', 'gjeanin8m@ed.gov', '5008420485', 'GpCxGex7Q', 'Encargado', NULL),
(312, 'Ruperto Fowden', 'rfowden8n@google.es', '4389635574', 'MW2hAuekH', 'Madre', NULL),
(313, 'Base O\'Hartigan', 'bohartigan8o@wiley.com', '5435140990', 'pE87CsOAk', 'Tutor', NULL),
(314, 'Maitilde Rosbotham', 'mrosbotham8p@amazon.com', '2652221578', 'JKRpRqnQWL', 'Encargado', NULL),
(315, 'Darcey Bodechon', 'dbodechon8q@delicious.com', '2657323219', 'eyPFBVD', 'Tutor', NULL),
(316, 'Aron Anglin', 'aanglin8r@discuz.net', '3164688377', 'vyNKjYNN', 'Tutor', NULL),
(317, 'Esra Gibbonson', 'egibbonson8s@google.com.br', '8585953423', 'AUPWRutNLzxK', 'Padre', NULL),
(318, 'Olympe O\'Shevlin', 'ooshevlin8t@yahoo.co.jp', '6742621279', 's2BiTtxxHXG', 'Padre', NULL),
(319, 'Miner Leithgoe', 'mleithgoe8u@fema.gov', '8439814909', '49X4PG6qED', 'Padre', NULL),
(320, 'Brunhilda Turfin', 'bturfin8v@twitpic.com', '7211293901', '2zMMfvjUU2', 'Madre', NULL),
(321, 'Jeremy Eidelman', 'jeidelman8w@com.com', '1848073569', 'Ib9zNkyP', 'Tutor', NULL),
(322, 'Elnore Jadczak', 'ejadczak8x@nsw.gov.au', '2057645398', 'LBLhMLAZXRu', 'Encargado', NULL),
(323, 'Meggi Lerway', 'mlerway8y@hhs.gov', '6347788324', 'gAhp2gO6HNGt', 'Encargado', NULL),
(324, 'Magdalene Fullom', 'mfullom8z@ebay.co.uk', '5333883380', 'L9QTKU87', 'Tutor', NULL),
(325, 'Cal Knowller', 'cknowller90@europa.eu', '1566460281', '2RmAdGwhab', 'Encargado', NULL),
(326, 'Rosalie Donald', 'rdonald91@gmpg.org', '4316544815', '6NIVLl6dzLBK', 'Madre', NULL),
(327, 'Rancell Giacomo', 'rgiacomo92@wisc.edu', '7742345015', 'NxH1TE91u4', 'Tutor', NULL),
(328, 'Aron Blaasch', 'ablaasch93@canalblog.com', '8576853109', 'W898lzVW', 'Encargado', NULL),
(329, 'Wakefield Prior', 'wprior94@statcounter.com', '5693947516', 'HhooEPbDqpJ', 'Madre', NULL),
(330, 'Morgan Safont', 'msafont95@sina.com.cn', '7592168143', 'SeqNvqkDxMkQ', 'Madre', NULL),
(331, 'Isadora Stables', 'istables96@squidoo.com', '2385409046', 'jK0niEuAdH9', 'Madre', NULL),
(332, 'Orville Bowmaker', 'obowmaker97@simplemachines.org', '2908449152', 'hFMS8M', 'Encargado', NULL),
(333, 'Tony Vearncombe', 'tvearncombe98@discovery.com', '4448665505', 'tFOHXH5q', 'Madre', NULL),
(334, 'Carolan Cosslett', 'ccosslett99@ning.com', '9365633988', 'jRi7IN', 'Madre', NULL),
(335, 'Mariya Ramsby', 'mramsby9a@state.gov', '8655847303', 'bD1d9hLepcQs', 'Tutor', NULL),
(336, 'Carlye Tomlin', 'ctomlin9b@cargocollective.com', '5766941713', 'Xpzrrhl6oMrF', 'Madre', NULL),
(337, 'Dehlia Rubi', 'drubi9c@hibu.com', '2383947075', 'sgAsldUV7', 'Encargado', NULL),
(338, 'Hillary Claeskens', 'hclaeskens9d@earthlink.net', '7146660731', 'XUezH11qLTz', 'Encargado', NULL),
(339, 'Garfield Codron', 'gcodron9e@sohu.com', '6744827660', 'PGpVIc', 'Padre', NULL),
(340, 'Adah Hamshaw', 'ahamshaw9f@prweb.com', '4482643103', 'pZM6lWHfG', 'Padre', NULL),
(341, 'Prisca Willson', 'pwillson9g@parallels.com', '5255049198', 'iCmZ8Y', 'Padre', NULL),
(342, 'Jesse Schellig', 'jschellig9h@about.com', '6197679746', 'ppDSsbk', 'Tutor', NULL),
(343, 'Thaddus Witnall', 'twitnall9i@furl.net', '7759140102', 'RgY53TEwgCD', 'Madre', NULL),
(344, 'Gwenneth Braunthal', 'gbraunthal9j@4shared.com', '6376223450', 'NWeaZCGAF8L', 'Padre', NULL),
(345, 'Alberta North', 'anorth9k@japanpost.jp', '9815453102', 'pNnXp2r', 'Encargado', NULL),
(346, 'Kippie Teresi', 'kteresi9l@npr.org', '7855332683', 'rigIDie', 'Padre', NULL),
(347, 'Tandie Revie', 'trevie9m@fema.gov', '9184704720', 'cozbJo', 'Madre', NULL),
(348, 'Susi Gatsby', 'sgatsby9n@netscape.com', '6105991451', 'beYOxFsII1S', 'Padre', NULL),
(349, 'Wynn Colwell', 'wcolwell9o@ucsd.edu', '5697433503', 'Aq32UbM', 'Madre', NULL),
(350, 'Judd Massow', 'jmassow9p@com.com', '6485263292', 'cvWMpMk4', 'Tutor', NULL),
(351, 'Michaeline Revie', 'mrevie9q@aboutads.info', '8371860909', 'B5vlRa', 'Madre', NULL),
(352, 'Mattias Campion', 'mcampion9r@intel.com', '4265342956', '7kHnmd', 'Tutor', NULL),
(353, 'Helenka Augie', 'haugie9s@sina.com.cn', '9547230368', 'CK5b0H', 'Tutor', NULL),
(354, 'Chancey Readwood', 'creadwood9t@howstuffworks.com', '5072992710', '5VbYzY1', 'Padre', NULL),
(355, 'Seymour Ciardo', 'sciardo9u@cdc.gov', '8453018286', '6wOPeXIak9r', 'Encargado', NULL),
(356, 'Brooks Wardrop', 'bwardrop9v@theguardian.com', '2594523257', 'zQaBrKdaNNu', 'Madre', NULL),
(357, 'Kacie Hukins', 'khukins9w@japanpost.jp', '4267707762', 'WnLv77pD5v', 'Encargado', NULL),
(358, 'Ferdy MacKeever', 'fmackeever9x@youtube.com', '7103264442', '3SSpmTne', 'Encargado', NULL),
(359, 'Homerus McGown', 'hmcgown9y@bbc.co.uk', '7192653951', 'mn0CDpMZZ', 'Padre', NULL),
(360, 'Rossy Hargreaves', 'rhargreaves9z@bigcartel.com', '6569036317', 'ZUhZoZJqa', 'Madre', NULL),
(361, 'Mackenzie Rowen', 'mrowena0@alibaba.com', '6381324736', '0QztHO9Ro', 'Madre', NULL),
(362, 'Flory De Andisie', 'fdea1@google.it', '8225755370', 'qxeCVgkx', 'Encargado', NULL),
(363, 'Niven Seiter', 'nseitera2@usda.gov', '8347052972', 'dED0mj', 'Tutor', NULL),
(364, 'Vanny Rockell', 'vrockella3@yandex.ru', '2311379606', '7iaZGRc0', 'Madre', NULL),
(365, 'Yul Culwen', 'yculwena4@ucoz.com', '9253431609', '2wozq7c', 'Padre', NULL),
(366, 'Nefen Kenchington', 'nkenchingtona5@bluehost.com', '7406279546', 'i9vxyQeg', 'Padre', NULL),
(367, 'Wilton Chalk', 'wchalka6@ucsd.edu', '1952420314', 'cuAs8s9ymNq2', 'Padre', NULL),
(368, 'Rafaelia Bresman', 'rbresmana7@about.me', '1282049068', 'RG297U2gvY0h', 'Madre', NULL),
(369, 'Meade Farny', 'mfarnya8@addtoany.com', '6016216239', 'GBmqjcFAYZz', 'Madre', NULL),
(370, 'Archy Bercher', 'aberchera9@paypal.com', '5515818851', 'nG7jx54d4', 'Madre', NULL),
(371, 'Alleen Shimmin', 'ashimminaa@photobucket.com', '7741297494', 'mClnIb6qsUWj', 'Encargado', NULL),
(372, 'Ciro Valentelli', 'cvalentelliab@ehow.com', '4564912981', 'AYchsTI2dC', 'Encargado', NULL),
(373, 'Hewett Segge', 'hseggeac@elegantthemes.com', '4908082626', 'L7sHbG', 'Encargado', NULL),
(374, 'Austin Withams', 'awithamsad@foxnews.com', '1459321196', 'ghoUc9CV', 'Madre', NULL),
(375, 'Bettye Schroeder', 'bschroederae@mail.ru', '6517737086', 'NZidngjcjl', 'Madre', NULL),
(376, 'Darlleen Garioch', 'dgariochaf@feedburner.com', '6816485985', 'LxgCP4jH', 'Tutor', NULL),
(377, 'Perry Bowry', 'pbowryag@bloglines.com', '1033095501', '267g2hP', 'Madre', NULL),
(378, 'Sophronia Ballard', 'sballardah@accuweather.com', '8156175475', 'ZYbK0xzP', 'Encargado', NULL),
(379, 'Ina Turmell', 'iturmellai@theguardian.com', '5121201556', 'Y3Z4MHGRM', 'Encargado', NULL),
(380, 'Kassia Pardew', 'kpardewaj@miibeian.gov.cn', '6689928488', 'd3yUWdl', 'Encargado', NULL),
(381, 'Rube Carsberg', 'rcarsbergak@flavors.me', '3136500266', '308r63', 'Encargado', NULL),
(382, 'Marcela Stubs', 'mstubsal@discovery.com', '4576317305', 'WuaRhFTuD9', 'Encargado', NULL),
(383, 'Reina Scoyles', 'rscoylesam@irs.gov', '9382618176', 'WI4OOGqK1PJ0', 'Madre', NULL),
(384, 'Teodora Bonnaire', 'tbonnairean@last.fm', '3407252181', 's16I0JsEcwU', 'Madre', NULL),
(385, 'Forest Favey', 'ffaveyao@surveymonkey.com', '6206197799', 'V2KMIC', 'Madre', NULL),
(386, 'Sylvester Schruurs', 'sschruursap@weibo.com', '2483224736', 'mzAUQg4Aa7S', 'Tutor', NULL),
(387, 'Hyacinthie Mugford', 'hmugfordaq@bloglovin.com', '5632859969', 'zMPrFZc', 'Encargado', NULL),
(388, 'Laurence Bugs', 'lbugsar@wordpress.com', '8788379133', 'JCiC2AkFlG', 'Madre', NULL),
(389, 'Diena Duxbury', 'dduxburyas@icq.com', '7808348602', 'mhKUgcG9k58x', 'Tutor', NULL),
(390, 'Marybelle Farran', 'mfarranat@pbs.org', '6333439050', 'kg8qSx', 'Encargado', NULL),
(391, 'Johan Aurelius', 'jaureliusau@noaa.gov', '9079493808', '4miBCf6q6ZY', 'Encargado', NULL),
(392, 'Marnie Bowdler', 'mbowdlerav@mozilla.org', '6562534910', 'l0EQd526qRFV', 'Madre', NULL),
(393, 'Jeana Luesley', 'jluesleyaw@theguardian.com', '8403371416', 'oyULKcdi', 'Madre', NULL),
(394, 'Harrison McDermot', 'hmcdermotax@redcross.org', '8815437806', 'pHOi6Xk', 'Tutor', NULL),
(395, 'Binnie Soots', 'bsootsay@paginegialle.it', '2246320921', 'HaW2Bx', 'Encargado', NULL),
(396, 'Eleen Domm', 'edommaz@hud.gov', '7795929053', 'hdpmSwNkPz', 'Encargado', NULL),
(397, 'Maury Kunisch', 'mkunischb0@npr.org', '1603759987', 'GivHXY6vAc', 'Padre', NULL),
(398, 'Sullivan McKimmey', 'smckimmeyb1@unc.edu', '5485034994', 'QQ1YQpl2q3', 'Tutor', NULL),
(399, 'Marietta Matherson', 'mmathersonb2@army.mil', '2441159697', 'Mm07t6Tu', 'Madre', NULL),
(400, 'Clementina Kerford', 'ckerfordb3@github.io', '9057144631', '3vmDQ04jp1H', 'Encargado', NULL),
(401, 'Dianemarie Bastin', 'dbastinb4@newsvine.com', '5667333358', '7u1nyOT', 'Padre', NULL),
(402, 'Maible Doubrava', 'mdoubravab5@xing.com', '7043933398', 'I5GPozX', 'Tutor', NULL),
(403, 'Mufi MacGarvey', 'mmacgarveyb6@360.cn', '2045480491', 'vHXpQhWEQ5x', 'Tutor', NULL),
(404, 'Dusty Crathorne', 'dcrathorneb7@surveymonkey.com', '3081937082', '9VBk2xU2g', 'Padre', NULL),
(405, 'Tana Broadis', 'tbroadisb8@addtoany.com', '9168707059', 'tokUFg', 'Tutor', NULL),
(406, 'Noemi Truss', 'ntrussb9@webnode.com', '5141564012', 'EwGNA9', 'Tutor', NULL),
(407, 'Jeffrey Longstaffe', 'jlongstaffeba@nydailynews.com', '5434531222', 'xKUMfUk47f4', 'Tutor', NULL),
(408, 'Emmalynne Reidie', 'ereidiebb@newsvine.com', '8268177692', 'sX9smrrB', 'Madre', NULL),
(409, 'Marthe Bickerdike', 'mbickerdikebc@hud.gov', '2768050615', 'omGh5bF1FkU6', 'Encargado', NULL),
(410, 'Maris Moraleda', 'mmoraledabd@eventbrite.com', '4013767499', 'iWwzqMH', 'Encargado', NULL),
(411, 'Brodie Buckenham', 'bbuckenhambe@wisc.edu', '4476321829', 'zFvsNI2zSB', 'Padre', NULL),
(412, 'Andrei Malzard', 'amalzardbf@biglobe.ne.jp', '5247099853', 'xl64iD', 'Encargado', NULL),
(413, 'Ingaberg Iddy', 'iiddybg@usnews.com', '7959207827', 'NinzPShnA', 'Encargado', NULL),
(414, 'Peyton Locket', 'plocketbh@sitemeter.com', '9227673756', '3TSfnEIDC', 'Tutor', NULL),
(415, 'Alberik Alexsandrev', 'aalexsandrevbi@shinystat.com', '2894713822', '0YwROlpaT4oA', 'Encargado', NULL),
(416, 'Agnesse Mulkerrins', 'amulkerrinsbj@amazon.com', '4927993619', '8cDisJKWk', 'Padre', NULL),
(417, 'Vonni Pinkard', 'vpinkardbk@eepurl.com', '1692764496', 'TX0oIi1M2sD2', 'Tutor', NULL),
(418, 'Anthe Blunsum', 'ablunsumbl@issuu.com', '2307028166', 'bQJmwir', 'Encargado', NULL),
(419, 'Chere Meeson', 'cmeesonbm@mail.ru', '3317620765', 'fIbOucb4X5', 'Madre', NULL),
(420, 'Farrah Mowle', 'fmowlebn@hugedomains.com', '7861137412', 'bkiODxkQo', 'Encargado', NULL),
(421, 'Amie Butterick', 'abutterickbo@china.com.cn', '9048735759', 'FHsdAQup', 'Madre', NULL),
(422, 'Gennifer Janaud', 'gjanaudbp@cargocollective.com', '9721783032', 'ean4MMlggt', 'Encargado', NULL),
(423, 'Darrell Snelling', 'dsnellingbq@com.com', '8761260664', 'zhn9i7', 'Tutor', NULL),
(424, 'Stanton Vinnick', 'svinnickbr@stumbleupon.com', '2648828438', 'nduMYFMfpgfq', 'Encargado', NULL),
(425, 'Wilhelmina Drew', 'wdrewbs@nytimes.com', '5358967683', 'Zf5EaMvKWUvd', 'Madre', NULL),
(426, 'Godiva Haydon', 'ghaydonbt@freewebs.com', '5282311918', '04l4fFuhuei', 'Padre', NULL),
(427, 'Vivien Strong', 'vstrongbu@macromedia.com', '3605327557', 'twjhFFxBPFL', 'Tutor', NULL),
(428, 'Fulvia Kett', 'fkettbv@1688.com', '4455517698', '2kU5brH', 'Padre', NULL),
(429, 'Salome Maeer', 'smaeerbw@walmart.com', '5036293819', '9FeB1c', 'Encargado', NULL),
(430, 'Shannah D\'Onise', 'sdonisebx@oracle.com', '5565692162', 'KEUGyjuX', 'Encargado', NULL),
(431, 'Marla Blackater', 'mblackaterby@blogs.com', '6348598860', 'otqVdT4XIhBM', 'Encargado', NULL),
(432, 'Rand Sellen', 'rsellenbz@illinois.edu', '8915214547', 'sldNZ4Hdu', 'Tutor', NULL),
(433, 'Neal Clurow', 'nclurowc0@parallels.com', '7932064256', '30RNwzVkbReN', 'Tutor', NULL),
(434, 'Jeniffer Wedge', 'jwedgec1@mediafire.com', '8969648596', 'rRZ1LYzxi', 'Madre', NULL),
(435, 'Jemimah Cuel', 'jcuelc2@mlb.com', '7709497193', 'eIyH2W90o', 'Encargado', NULL),
(436, 'Kennedy Rumke', 'krumkec3@gizmodo.com', '7377660100', 'IHthiCz', 'Encargado', NULL),
(437, 'Silas Phillis', 'sphillisc4@cyberchimps.com', '9865072951', 'U8WK1urksv', 'Encargado', NULL),
(438, 'Rance Cambden', 'rcambdenc5@infoseek.co.jp', '6998385104', '88ar82PJqKf5', 'Madre', NULL),
(439, 'Callie De Carteret', 'cdec6@harvard.edu', '3978927525', 'irQA8hHT2X', 'Encargado', NULL),
(440, 'Edithe Garrie', 'egarriec7@163.com', '6116775341', 'IvZiGZplqeiN', 'Madre', NULL),
(441, 'Bee Bahia', 'bbahiac8@oaic.gov.au', '7764758446', 'vDWq4MZDlt7', 'Padre', NULL),
(442, 'Kendre Umpleby', 'kumplebyc9@pinterest.com', '8238686838', '8gonPIgqg', 'Padre', NULL),
(443, 'Bea Garton', 'bgartonca@myspace.com', '5033763673', 'ox8TGFBh8b', 'Madre', NULL),
(444, 'Colene Elacoate', 'celacoatecb@about.com', '9846935780', 'wWdDwnh0xS', 'Padre', NULL),
(445, 'Etheline Tipling', 'etiplingcc@dell.com', '2986246453', 'aEFm16', 'Padre', NULL),
(446, 'Corrine Blaze', 'cblazecd@de.vu', '2146097948', 'w6ASiK8v', 'Encargado', NULL),
(447, 'Eydie Perrygo', 'eperrygoce@usgs.gov', '1877066864', 'nMkp9dP', 'Padre', NULL),
(448, 'Neale Lapish', 'nlapishcf@theguardian.com', '2743023447', 'NaZYWD', 'Tutor', NULL),
(449, 'Verge Harfleet', 'vharfleetcg@squarespace.com', '4755104753', '6XDdcavCz', 'Tutor', NULL),
(450, 'Joell Constantinou', 'jconstantinouch@cnet.com', '1127035570', '7M33mZ3', 'Encargado', NULL),
(451, 'Rowena Vynoll', 'rvynollci@vimeo.com', '8974098212', 'K5OkgCmIAm', 'Tutor', NULL),
(452, 'Amanda Woodcock', 'awoodcockcj@chron.com', '4145424781', '8zXwPAM', 'Padre', NULL),
(453, 'Beatriz Sturrock', 'bsturrockck@omniture.com', '1283993721', '6FECarFUA8rA', 'Madre', NULL),
(454, 'Velma Katte', 'vkattecl@deviantart.com', '5851785726', 'WKDMO2jGQXqM', 'Madre', NULL),
(455, 'Bancroft McAuley', 'bmcauleycm@artisteer.com', '3668478901', 'h6ocOTeY', 'Madre', NULL),
(456, 'Mandel Dei', 'mdeicn@chicagotribune.com', '7516335504', 'DYCvplg1L', 'Padre', NULL),
(457, 'Guillemette Juett', 'gjuettco@nature.com', '9299920468', 'Q5M6El4w6', 'Tutor', NULL),
(458, 'Vivian Sneesby', 'vsneesbycp@nature.com', '4563269207', 'c9FIrf', 'Padre', NULL),
(459, 'Tab Bodycote', 'tbodycotecq@omniture.com', '5273225991', 'pujMs7LU5nn', 'Tutor', NULL),
(460, 'Roseann Shiel', 'rshielcr@msn.com', '1764211449', '0eP7Fh', 'Padre', NULL),
(461, 'Jobina Kumaar', 'jkumaarcs@economist.com', '8894601256', 'EZg7Rw', 'Encargado', NULL),
(462, 'Robyn Tinston', 'rtinstonct@cdc.gov', '3347451278', '9EZCk0os', 'Encargado', NULL),
(463, 'Kiri Rivers', 'kriverscu@angelfire.com', '7025623236', 'dDPDDV5OJV', 'Encargado', NULL),
(464, 'Birch Chese', 'bchesecv@usgs.gov', '1319327114', '8O8uQ3Odm3', 'Encargado', NULL),
(465, 'Alissa Servant', 'aservantcw@usda.gov', '8748318621', '7TcPVNE8b', 'Encargado', NULL),
(466, 'Letti Ivashkin', 'livashkincx@springer.com', '9937804479', 'A4GPef', 'Encargado', NULL),
(467, 'Kylie Threlfall', 'kthrelfallcy@independent.co.uk', '3793493143', 'ueZjZpTvQlV7', 'Tutor', NULL),
(468, 'Beth Billam', 'bbillamcz@yelp.com', '4487680103', 'nbHUZ3T2', 'Madre', NULL),
(469, 'Reggie Durman', 'rdurmand0@imgur.com', '9386480852', 'pKtfykGm7xC', 'Tutor', NULL),
(470, 'Aigneis Wards', 'awardsd1@google.co.jp', '8238713616', 'x94Jhe0', 'Encargado', NULL),
(471, 'Alaster Capner', 'acapnerd2@soup.io', '4358759966', 'bqGHXA32iw', 'Encargado', NULL),
(472, 'Shelley Asey', 'saseyd3@discuz.net', '6266590139', '6bmAmAW6', 'Padre', NULL),
(473, 'Aigneis Neaverson', 'aneaversond4@statcounter.com', '4478951281', '70B3Hz1Zd', 'Padre', NULL),
(474, 'Fionnula Swaile', 'fswailed5@princeton.edu', '1148807756', '0qBCIjmcok', 'Madre', NULL),
(475, 'Patin Huckster', 'phucksterd6@webs.com', '9223939549', 'ww73BQwqVX', 'Tutor', NULL),
(476, 'Carry Biasio', 'cbiasiod7@ocn.ne.jp', '8773833198', 's5QGfnp0', 'Tutor', NULL),
(477, 'Haslett Winridge', 'hwinridged8@virginia.edu', '2903748663', '6LgZP0W3', 'Padre', NULL),
(478, 'Fae Lathaye', 'flathayed9@globo.com', '6779263053', 'D0McD0', 'Encargado', NULL),
(479, 'Sarina LaBastida', 'slabastidada@ucla.edu', '8494746965', 'qoq8x6', 'Madre', NULL),
(480, 'Kenyon Bangham', 'kbanghamdb@ustream.tv', '4024676298', 'wO3LFOX', 'Encargado', NULL),
(481, 'Alfie Boog', 'aboogdc@stumbleupon.com', '8876505377', 'ti9Khbpx', 'Tutor', NULL),
(482, 'Loralee Booth-Jarvis', 'lboothjarvisdd@nhs.uk', '1991773005', 'BVVfwCE', 'Padre', NULL),
(483, 'Sheela Billyeald', 'sbillyealdde@dmoz.org', '1538908659', 'Un6ezC', 'Padre', NULL),
(484, 'Sanderson Finicj', 'sfinicjdf@java.com', '5691515718', '1PayBJqjKu', 'Encargado', NULL),
(485, 'Viva Hagerty', 'vhagertydg@mediafire.com', '5465935820', 'tnbVDxNXGgm', 'Encargado', NULL),
(486, 'Morlee Meynell', 'mmeynelldh@dagondesign.com', '5439917537', 'pl1E3rLn', 'Padre', NULL),
(487, 'Horatius Masham', 'hmashamdi@dailymotion.com', '3855660328', 'GCW3HA', 'Madre', NULL),
(488, 'Gussie McFetrich', 'gmcfetrichdj@mysql.com', '3877600861', 's5cPyt3Fojg', 'Encargado', NULL),
(489, 'Murielle Roycraft', 'mroycraftdk@state.gov', '2499731202', 'ZiwUSWum', 'Tutor', NULL),
(490, 'Benetta Tabram', 'btabramdl@feedburner.com', '3282249536', '3jf2vne37f8', 'Madre', NULL),
(491, 'Loria Jouhan', 'ljouhandm@bloglines.com', '5617638915', 'mLJE8lFBVvO', 'Tutor', NULL),
(492, 'Ayn Tomenson', 'atomensondn@naver.com', '1676224033', '60HShb5P', 'Padre', NULL),
(493, 'Cathleen Moorhouse', 'cmoorhousedo@ihg.com', '4057207253', 'kn778Q', 'Tutor', NULL),
(494, 'Odille Cribbins', 'ocribbinsdp@last.fm', '4353514398', 'JmZYgdGQiirh', 'Madre', NULL),
(495, 'Selig Gumary', 'sgumarydq@java.com', '4041187709', 'xZCDcU', 'Madre', NULL),
(496, 'Catharina Ritchley', 'critchleydr@indiatimes.com', '3689450204', 'yqIorG9R8', 'Tutor', NULL),
(497, 'Edward Wohler', 'ewohlerds@toplist.cz', '7646103755', '4fmktk7aX', 'Madre', NULL),
(498, 'Aarika Bradbeer', 'abradbeerdt@ft.com', '8455510201', 'cTUvaAa', 'Encargado', NULL),
(499, 'Brendis Fannon', 'bfannondu@si.edu', '8112568643', 'psr0Of2FkQb', 'Encargado', NULL),
(500, 'Hale Ellse', 'hellsedv@slashdot.org', '2992666488', 'OjPhgPbeEPn', 'Tutor', NULL),
(501, 'Nicholle Seamer', 'nseamerdw@vk.com', '5749965114', 'YS7lLwyt', 'Encargado', NULL),
(502, 'Lewiss Gracewood', 'lgracewooddx@spotify.com', '3831331682', 'ucrJFWTESMv', 'Madre', NULL),
(503, 'Winna Laight', 'wlaightdy@prnewswire.com', '6842113426', 'FHNtKzFjj', 'Padre', NULL),
(504, 'Corella Romayne', 'cromaynedz@t.co', '1024459067', 'T5Rc4mgdZ', 'Madre', NULL),
(505, 'Denna Lamblin', 'dlambline0@xrea.com', '3312360320', 'uhBoeO4V', 'Padre', NULL),
(506, 'Wells Vearncomb', 'wvearncombe1@google.com.hk', '9168092134', 'm2QRn1Z', 'Encargado', NULL),
(507, 'Alicea Akast', 'aakaste2@360.cn', '1327418953', '62dV7kvvJOP9', 'Tutor', NULL),
(508, 'Ranice Mateo', 'rmateoe3@sfgate.com', '5656534152', 'iYoLIIE', 'Padre', NULL),
(509, 'Darell Feare', 'dfearee4@xrea.com', '7312194983', '2ElhGBT', 'Tutor', NULL),
(510, 'Vasily Stivey', 'vstiveye5@nasa.gov', '6234742256', 'EQiscuTHV', 'Madre', NULL),
(511, 'Dorotea Trevon', 'dtrevone6@taobao.com', '4092498922', '4JfToSi', 'Tutor', NULL),
(512, 'Zeke Brandone', 'zbrandonee7@woothemes.com', '2305159217', 'Xb2YKahiycZI', 'Tutor', NULL),
(513, 'Konstanze Trunby', 'ktrunbye8@newsvine.com', '5342531181', '3GFGga4H', 'Madre', NULL),
(514, 'Burton Candish', 'bcandishe9@oaic.gov.au', '4363390881', 'yXwFLh', 'Padre', NULL),
(515, 'Elise Lytle', 'elytleea@mac.com', '6371965075', 'BOJz6SaK8', 'Padre', NULL),
(516, 'Benyamin Angear', 'bangeareb@w3.org', '7568669003', '6vgG0ivUsKY', 'Madre', NULL),
(517, 'Charyl Fones', 'cfonesec@shop-pro.jp', '4973373921', '0OwN2g0E', 'Tutor', NULL),
(518, 'Evan Skitral', 'eskitraled@reverbnation.com', '7941716555', 'bTBq8N4utPA', 'Madre', NULL),
(519, 'Sean Prahl', 'sprahlee@bigcartel.com', '6198072132', 'VbrgBmOXB9', 'Padre', NULL),
(520, 'Auria Cluet', 'acluetef@msn.com', '3385280660', 'TG9wnWokMA', 'Madre', NULL),
(521, 'Packston Bridgwood', 'pbridgwoodeg@google.nl', '5008176212', 'iV2sKH5ARS', 'Padre', NULL),
(522, 'Morissa O\'Cosgra', 'mocosgraeh@godaddy.com', '6345714420', 'PlVIOAW', 'Tutor', NULL),
(523, 'Chiquita Pitkeathley', 'cpitkeathleyei@xrea.com', '9724860125', 'pRIZFAXQg0', 'Padre', NULL),
(524, 'Lethia Inston', 'linstonej@zimbio.com', '6184932548', 'qG0fWQe6f', 'Tutor', NULL),
(525, 'North Crippes', 'ncrippesek@goo.gl', '1528545777', 'ixvMc30M5', 'Tutor', NULL),
(526, 'Leia Kynan', 'lkynanel@xinhuanet.com', '6045217525', 'PUv7vRtYVny', 'Padre', NULL),
(527, 'Morrie Learie', 'mlearieem@gnu.org', '5863397774', 'U0TPgOhVjyGz', 'Encargado', NULL),
(528, 'Dwain Grisenthwaite', 'dgrisenthwaiteen@sohu.com', '9536805059', 'nERT5swfJqRz', 'Encargado', NULL),
(529, 'Pavel Mardoll', 'pmardolleo@devhub.com', '2411218210', 'GOiG85vtctfv', 'Padre', NULL),
(530, 'Anet Penreth', 'apenrethep@forbes.com', '5205592825', 'GnpitzcoPS', 'Madre', NULL),
(531, 'Dominique Durek', 'ddurekeq@ow.ly', '7222729015', '11dlUk', 'Encargado', NULL),
(532, 'Sandor Shovell', 'sshoveller@jigsy.com', '5669878879', 'nxmDlj', 'Padre', NULL),
(533, 'Anastassia Glasner', 'aglasneres@dell.com', '9263524435', '1Oev3UR', 'Madre', NULL),
(534, 'Paton Ricketts', 'prickettset@upenn.edu', '5178292815', 'HGj0qA2MIaEx', 'Encargado', NULL),
(535, 'Eadith Cavaney', 'ecavaneyeu@zdnet.com', '5747105581', 'xbKBRDiBZBV', 'Padre', NULL),
(536, 'Gael Gunby', 'ggunbyev@google.ru', '9227378334', 'skgTfKa7jQb', 'Padre', NULL),
(537, 'Anton Girke', 'agirkeew@cbc.ca', '8584653853', 'TNFTbvRHZ2n', 'Padre', NULL),
(538, 'Chance Janout', 'cjanoutex@vk.com', '2812779293', 'MRBazsX', 'Madre', NULL),
(539, 'Elysia Sharples', 'esharplesey@is.gd', '8935362569', 'RkgiyEGjR5j', 'Madre', NULL),
(540, 'Carrol Le Pine', 'cleez@prnewswire.com', '2933282262', 'Zp406Z7QrVSQ', 'Encargado', NULL),
(541, 'Burl Thickins', 'bthickinsf0@archive.org', '2174395869', 'OJfH8myGkc', 'Tutor', NULL),
(542, 'Ingamar Goodbourn', 'igoodbournf1@studiopress.com', '6546755345', 'UzzOdpptOo', 'Tutor', NULL),
(543, 'Lorena Frigot', 'lfrigotf2@soundcloud.com', '2475497738', 'dpCSLrK5H', 'Padre', NULL),
(544, 'Ashly Oldis', 'aoldisf3@hubpages.com', '7716728118', 'PU6J2YtUD', 'Tutor', NULL),
(545, 'Brendan Churm', 'bchurmf4@businessinsider.com', '9254009126', 'QTFbHKmi', 'Padre', NULL),
(546, 'Danila Trenoweth', 'dtrenowethf5@fda.gov', '4521615104', 'ysf5Rtem0ehm', 'Madre', NULL);
INSERT INTO `usuario` (`id`, `nombre`, `correo`, `telefono`, `contrasena`, `rol`, `codigo_artefacto`) VALUES
(547, 'Gail Tire', 'gtiref6@ucoz.ru', '9746935863', 'JpUCu8a92OI', 'Tutor', NULL),
(548, 'Edgardo Santarelli', 'esantarellif7@nifty.com', '4941029385', 'IWxJkrH', 'Padre', NULL),
(549, 'Pru Lofts', 'ploftsf8@pagesperso-orange.fr', '4159408311', 'oHwCqC81C', 'Encargado', NULL),
(550, 'Jackelyn Feander', 'jfeanderf9@tumblr.com', '1758418018', 'L0iejcDZqVj4', 'Padre', NULL),
(551, 'Zaria Batteson', 'zbattesonfa@tinypic.com', '8212598694', '9BpVNfwcLFJL', 'Tutor', NULL),
(552, 'Benjy Colman', 'bcolmanfb@netscape.com', '9021693720', '4Qwow4v6Y', 'Padre', NULL),
(553, 'Janis Petrashov', 'jpetrashovfc@skype.com', '6833151695', 'OFvguhty8yj', 'Madre', NULL),
(554, 'Claudia Barlie', 'cbarliefd@imgur.com', '9021105573', '2wHCFJ5k', 'Padre', NULL),
(555, 'Farrah Waghorn', 'fwaghornfe@amazon.com', '7195724125', 'DcZHrG2aq', 'Tutor', NULL),
(556, 'Tony Laurenson', 'tlaurensonff@intel.com', '6616299971', 'YiNyoif2ET', 'Tutor', NULL),
(557, 'Malina Cluett', 'mcluettfg@bizjournals.com', '7488578801', 'nkk7aasf', 'Encargado', NULL),
(558, 'Arni Give', 'agivefh@woothemes.com', '5021375389', 'KM9Ej4', 'Tutor', NULL),
(559, 'Rowena Philpault', 'rphilpaultfi@blogs.com', '2129899761', 'kNNGTtMBVLw9', 'Tutor', NULL),
(560, 'Clement Gummery', 'cgummeryfj@ow.ly', '1991938149', 'GrYqgFX5H', 'Encargado', NULL),
(561, 'Mozes Bloys', 'mbloysfk@cocolog-nifty.com', '1221303515', 'qHazR8oo', 'Encargado', NULL),
(562, 'Domingo Beamish', 'dbeamishfl@npr.org', '2578822869', 'sTuq4P2', 'Encargado', NULL),
(563, 'Simona Thrift', 'sthriftfm@bloglovin.com', '5699976765', 'EEyRNXW2S5C', 'Madre', NULL),
(564, 'Jerrome Deakins', 'jdeakinsfn@tinyurl.com', '7584866399', 'rYMuLJDs', 'Madre', NULL),
(565, 'Ebonee Slyford', 'eslyfordfo@prlog.org', '7519053706', 'peWbyAg', 'Tutor', NULL),
(566, 'Timmy Bernard', 'tbernardfp@opensource.org', '1533454041', 'dIIXBPjF776', 'Encargado', NULL),
(567, 'Blanche Carrodus', 'bcarrodusfq@mayoclinic.com', '8662552660', '6LElvvq', 'Tutor', NULL),
(568, 'Radcliffe Larmuth', 'rlarmuthfr@sina.com.cn', '1265433197', '0LvEThWZ', 'Padre', NULL),
(569, 'Stormi Balaisot', 'sbalaisotfs@senate.gov', '6632463714', 'Qr4gag', 'Encargado', NULL),
(570, 'Ingamar Fewings', 'ifewingsft@opensource.org', '9539314014', 'PLL6WDiS', 'Encargado', NULL),
(571, 'Stepha Nimmo', 'snimmofu@seesaa.net', '3705146687', 'FTftLg2', 'Madre', NULL),
(572, 'Trudy Winward', 'twinwardfv@nyu.edu', '3119740185', 'fW2qaU', 'Padre', NULL),
(573, 'Melita Tansey', 'mtanseyfw@google.cn', '5154997261', 'cLfSvPg0swU', 'Tutor', NULL),
(574, 'Corrina Oldrey', 'coldreyfx@cnn.com', '3151757066', 'ePkLRnEu8Jz', 'Encargado', NULL),
(575, 'Zachary Vallender', 'zvallenderfy@msn.com', '7803303872', '1wxhfgfZ90T', 'Tutor', NULL),
(576, 'Gael Laffan', 'glaffanfz@samsung.com', '9222807520', '61jlwrv0eC', 'Tutor', NULL),
(577, 'Anthea McKinless', 'amckinlessg0@ask.com', '5618205278', 'VklpvfKi', 'Padre', NULL),
(578, 'Hersch Dobbs', 'hdobbsg1@cocolog-nifty.com', '5571724307', 'a7ZvMD9Rof0B', 'Padre', NULL),
(579, 'Jobie Flowitt', 'jflowittg2@naver.com', '7173337701', 'fEoM9d', 'Madre', NULL),
(580, 'Legra Stilwell', 'lstilwellg3@dedecms.com', '7993040521', 'TbhwgqmaY', 'Encargado', NULL),
(581, 'Willabella Fenner', 'wfennerg4@stumbleupon.com', '2143936279', 'YajuH6bKpjM', 'Tutor', NULL),
(582, 'Malena Cornely', 'mcornelyg5@nbcnews.com', '3208583348', '27t4cKM2T3kw', 'Tutor', NULL),
(583, 'Rowney Drains', 'rdrainsg6@nyu.edu', '1234049073', 'bjkhZFBHk', 'Padre', NULL),
(584, 'Giulia Hallewell', 'ghallewellg7@bloomberg.com', '4101871996', 'Gfjzuq5oXA', 'Padre', NULL),
(585, 'Hilly McSperron', 'hmcsperrong8@baidu.com', '1772037969', 'SXcVop', 'Encargado', NULL),
(586, 'Maria Pottiphar', 'mpottipharg9@purevolume.com', '9489937679', 'bkMmywyrkG', 'Padre', NULL),
(587, 'Delly Balke', 'dbalkega@instagram.com', '8968433201', 'jWfFlqCveh', 'Tutor', NULL),
(588, 'Cori Goodhay', 'cgoodhaygb@blogger.com', '9904671294', 'gd8kSf4G3', 'Tutor', NULL),
(589, 'Leonard Fowler', 'lfowlergc@senate.gov', '3488930766', '9rQj7J3ttKf', 'Madre', NULL),
(590, 'Marielle Ranyelld', 'mranyelldgd@blogtalkradio.com', '1365565979', 'oZcDoIaXOASd', 'Tutor', NULL),
(591, 'Ethelda Vaun', 'evaunge@networksolutions.com', '5151665816', 'fy0dtKTpiZkf', 'Tutor', NULL),
(592, 'Adolf Gerger', 'agergergf@rediff.com', '2278409118', '2yFlXTu', 'Tutor', NULL),
(593, 'Curran Redrup', 'credrupgg@weebly.com', '3534438547', 'kSiwZTD', 'Encargado', NULL),
(594, 'Colby Sebborn', 'csebborngh@google.com.hk', '5741800004', 'JSkrc7', 'Encargado', NULL),
(595, 'Rona Reubel', 'rreubelgi@tiny.cc', '8729783165', 'K7JenjGW', 'Madre', NULL),
(596, 'Philippine Gors', 'pgorsgj@sitemeter.com', '2495069297', 'hoGCHdwWiym7', 'Tutor', NULL),
(597, 'Hughie Headingham', 'hheadinghamgk@paypal.com', '1741299100', 'cCxBJzNYz', 'Madre', NULL),
(598, 'Gilles Shyre', 'gshyregl@eepurl.com', '1832955720', 'IBdZoN', 'Encargado', NULL),
(599, 'Baillie Carrier', 'bcarriergm@macromedia.com', '9606899335', 'TW0gqKH7Lf', 'Madre', NULL),
(600, 'Ardeen Dukes', 'adukesgn@hexun.com', '9051464392', 'YFk59bobWt', 'Tutor', NULL),
(601, 'Kenneth Cody', 'kcodygo@sfgate.com', '5051149630', 'YsFobN6JF9I', 'Madre', NULL),
(602, 'Thaxter Calendar', 'tcalendargp@google.co.jp', '7104116850', 'u1RFfBm8Q', 'Padre', NULL),
(603, 'Revkah Mainz', 'rmainzgq@baidu.com', '9921179246', '8HQCKD', 'Madre', NULL),
(604, 'Kimbra Murdoch', 'kmurdochgr@gravatar.com', '4052520040', '0n94KySnC', 'Padre', NULL),
(605, 'Angela Baude', 'abaudegs@lycos.com', '1389748370', '5D4kESlw', 'Encargado', NULL),
(606, 'Thea Sallings', 'tsallingsgt@free.fr', '3211886973', 'CB7adzN4Ub2e', 'Madre', NULL),
(607, 'Ulrikaumeko Bridgement', 'ubridgementgu@multiply.com', '5857191865', 'FpjkX3jvZtQ', 'Madre', NULL),
(608, 'Mahalia Minnette', 'mminnettegv@scribd.com', '4691554054', 'dR3NHwwnfAk', 'Tutor', NULL),
(609, 'Etty Danielou', 'edanielougw@photobucket.com', '7531544644', 'aTHqiC', 'Encargado', NULL),
(610, 'Brant Gratland', 'bgratlandgx@mapy.cz', '5205953369', 'Txd0lQbSc', 'Encargado', NULL),
(611, 'Vaughn de Glanville', 'vdegy@liveinternet.ru', '3448201392', 'A2wtpAdfg', 'Tutor', NULL),
(612, 'Torry Roja', 'trojagz@stanford.edu', '5884746513', '2Ao05IX', 'Tutor', NULL),
(613, 'Grazia Mirams', 'gmiramsh0@unesco.org', '7676963799', 'IREjR7Bm', 'Encargado', NULL),
(614, 'Aaron Wrankling', 'awranklingh1@de.vu', '9239676241', '9KtXsLvH', 'Madre', NULL),
(615, 'Herb McGeraghty', 'hmcgeraghtyh2@ning.com', '5902128738', 'Uftf3Mlrn', 'Padre', NULL),
(616, 'Meagan Dmitrienko', 'mdmitrienkoh3@ca.gov', '3073370047', '4TPKOZ9iBM', 'Madre', NULL),
(617, 'Sylvester Twentyman', 'stwentymanh4@creativecommons.org', '8937473299', '15duubzUW', 'Encargado', NULL),
(618, 'Talbot Vigrass', 'tvigrassh5@google.com.br', '5732104791', '75a2EdYASuU', 'Madre', NULL),
(619, 'Bogey Wix', 'bwixh6@prweb.com', '1425619772', 'wbroA3E0h', 'Madre', NULL),
(620, 'Dita Storrs', 'dstorrsh7@com.com', '8734121511', 'cKWv1aSikeW', 'Madre', NULL),
(621, 'Wayne Hyett', 'whyetth8@who.int', '8409220283', 'xhjnAsDrZy', 'Tutor', NULL),
(622, 'Silvio McEnhill', 'smcenhillh9@e-recht24.de', '5549744989', 'ZfFLIehxnC', 'Padre', NULL),
(623, 'Peg Stuehmeier', 'pstuehmeierha@state.gov', '1796930004', 'uvGGXh', 'Padre', NULL),
(624, 'Brandi Whawell', 'bwhawellhb@wikimedia.org', '3313589861', 'nLagP5v', 'Encargado', NULL),
(625, 'Hart Vasser', 'hvasserhc@tamu.edu', '6544577247', 'YT4Hh9DWG', 'Encargado', NULL),
(626, 'Koressa Klas', 'kklashd@livejournal.com', '7914181417', 'YztsskWiO', 'Encargado', NULL),
(627, 'Lawry Ailmer', 'lailmerhe@eventbrite.com', '8793570972', '0fowU7EdU', 'Padre', NULL),
(628, 'Jordan Rhule', 'jrhulehf@columbia.edu', '3631222406', 'S7phss', 'Tutor', NULL),
(629, 'Garald Hazart', 'ghazarthg@dailymotion.com', '2879785318', 'kYjlVmhoXAh', 'Madre', NULL),
(630, 'Hammad Rickcord', 'hrickcordhh@google.it', '7099660012', '2hUrACG4OeGB', 'Madre', NULL),
(631, 'Hort Kimbell', 'hkimbellhi@usda.gov', '7596773245', 'QuJvAUN', 'Madre', NULL),
(632, 'Roscoe Mingaye', 'rmingayehj@yellowbook.com', '6484167019', 'rpGu49Tc', 'Tutor', NULL),
(633, 'Mireille MacRierie', 'mmacrieriehk@slideshare.net', '4396385776', 'MkDDVX3ulY2', 'Madre', NULL),
(634, 'Rowen Engelbrecht', 'rengelbrechthl@linkedin.com', '9506178001', 'AD8FC9XZu1', 'Madre', NULL),
(635, 'Garvin Elton', 'geltonhm@cnn.com', '1289148816', 'fd1KIU', 'Tutor', NULL),
(636, 'Daria Waterstone', 'dwaterstonehn@wikimedia.org', '5348928346', 'RpDpA3m', 'Padre', NULL),
(637, 'Fairlie Mosdall', 'fmosdallho@go.com', '9218621110', 'VxxHD1lpYT', 'Tutor', NULL),
(638, 'Ingaberg Champkins', 'ichampkinshp@facebook.com', '9483804511', 'z4ayksO30jFY', 'Encargado', NULL),
(639, 'Pennie Cumine', 'pcuminehq@fotki.com', '2916651026', 'cECwH0jIsz', 'Madre', NULL),
(640, 'Guendolen Startin', 'gstartinhr@un.org', '9792915318', 'HozZbPgqHk', 'Padre', NULL),
(641, 'Koral Attow', 'kattowhs@mapquest.com', '4138728663', 'Y8wWyZqg', 'Padre', NULL),
(642, 'Gale Pickhaver', 'gpickhaverht@github.com', '7413928890', '0j9OuqRh3r', 'Padre', NULL),
(643, 'Glenna Golder', 'ggolderhu@ocn.ne.jp', '6288635059', 'BAabRS', 'Tutor', NULL),
(644, 'Gradey Masi', 'gmasihv@ameblo.jp', '6145970568', 'wFVL6B5j36y', 'Encargado', NULL),
(645, 'Tildy Everly', 'teverlyhw@instagram.com', '6899530627', '9dKF4fw', 'Madre', NULL),
(646, 'Karole Pellant', 'kpellanthx@shareasale.com', '8499452372', '5ogFVy', 'Tutor', NULL),
(647, 'Elora Papps', 'epappshy@sun.com', '3663694660', 'GbMLNf2n8', 'Encargado', NULL),
(648, 'Dorrie Skermer', 'dskermerhz@ovh.net', '6076513950', 'UZkqFx', 'Madre', NULL),
(649, 'Janette Lamball', 'jlamballi0@japanpost.jp', '4006155087', 'Ihy7W2lG', 'Encargado', NULL),
(650, 'Dimitri Throssell', 'dthrosselli1@odnoklassniki.ru', '8962727063', 'HOrxVpCtcl', 'Tutor', NULL),
(651, 'Winonah Alford', 'walfordi2@epa.gov', '1162471873', 'TemSQo', 'Encargado', NULL),
(652, 'Gertie Digman', 'gdigmani3@cornell.edu', '4179195421', 'yR2DW3gIQ', 'Encargado', NULL),
(653, 'Althea Binning', 'abinningi4@sitemeter.com', '2462689861', '3Td54AHp', 'Padre', NULL),
(654, 'Sharyl Sancias', 'ssanciasi5@moonfruit.com', '7604859208', 'dT77YiVoQP', 'Tutor', NULL),
(655, 'Terra Connerly', 'tconnerlyi6@behance.net', '4498064813', 'ZguZ4GM', 'Encargado', NULL),
(656, 'Waverley Cramb', 'wcrambi7@illinois.edu', '4839391457', 'G0UHGvl', 'Padre', NULL),
(657, 'Thaxter Wayper', 'twayperi8@forbes.com', '4613917243', 'JrtDO37', 'Encargado', NULL),
(658, 'Amberly Iston', 'aistoni9@hc360.com', '3539801691', '2dX5A1MOU', 'Madre', NULL),
(659, 'Silvester Picot', 'spicotia@army.mil', '5131640178', 'jAGCTlJHY', 'Padre', NULL),
(660, 'Bibbye Liddy', 'bliddyib@squidoo.com', '6179696463', 'OtopEadN', 'Padre', NULL),
(661, 'Noah Dorr', 'ndorric@oaic.gov.au', '6975883162', 'GCmyfaXEA5E', 'Padre', NULL),
(662, 'Jim Roakes', 'jroakesid@miitbeian.gov.cn', '8373723621', 'cQ46Fu', 'Encargado', NULL),
(663, 'Marleen Calleja', 'mcallejaie@springer.com', '8962945553', 'eSzgvdH', 'Madre', NULL),
(664, 'Tallia Shrawley', 'tshrawleyif@360.cn', '4322192247', 'BBafFMpRX', 'Encargado', NULL),
(665, 'Gill Warnes', 'gwarnesig@dion.ne.jp', '1999356000', '2fRvJ8FnL5V', 'Tutor', NULL),
(666, 'Mahmud Filimore', 'mfilimoreih@51.la', '9342823343', 'nyCKBm', 'Encargado', NULL),
(667, 'Kipp Harridge', 'kharridgeii@noaa.gov', '1961663091', '7lU6OvcCx', 'Encargado', NULL),
(668, 'Giana Frise', 'gfriseij@privacy.gov.au', '1745514697', 'GEwpH1rv', 'Encargado', NULL),
(669, 'Saunders Bauldry', 'sbauldryik@scribd.com', '8099928463', 'Mmgi1snyE', 'Padre', NULL),
(670, 'Bondon McIlwain', 'bmcilwainil@flickr.com', '5492897031', 'E8Q4jFC6zhn', 'Encargado', NULL),
(671, 'Guillermo Knowler', 'gknowlerim@miitbeian.gov.cn', '4041939329', 'i0NgBA8sfkd', 'Padre', NULL),
(672, 'Ted Drioli', 'tdrioliin@4shared.com', '5798814214', 'aiZnfSiImoMj', 'Encargado', NULL),
(673, 'Garner Mankor', 'gmankorio@drupal.org', '3669075712', 'jJVOnxpXe', 'Madre', NULL),
(674, 'Abby Agar', 'aagarip@slate.com', '3473327630', 'QZCJYwL', 'Tutor', NULL),
(675, 'Violetta Guerrier', 'vguerrieriq@blogspot.com', '9963444644', '1EecTFh1ct6H', 'Padre', NULL),
(676, 'Christian Cumming', 'ccummingir@harvard.edu', '7163194708', 'HPXEoK', 'Encargado', NULL),
(677, 'Lynnette Santore', 'lsantoreis@amazonaws.com', '4228239784', 'QPZ9KS', 'Padre', NULL),
(678, 'Conant Chaves', 'cchavesit@sfgate.com', '8574395285', 'NzE6fK', 'Encargado', NULL),
(679, 'Svend Kitchinghan', 'skitchinghaniu@noaa.gov', '3141419659', 'hCFXoVAluRF', 'Padre', NULL),
(680, 'Lars Trett', 'ltrettiv@dedecms.com', '2005015621', 'vur0Hi', 'Encargado', NULL),
(681, 'Gunar Studman', 'gstudmaniw@furl.net', '6151751803', 'j37grJIrp0K', 'Padre', NULL),
(682, 'Tamqrah Rochelle', 'trochelleix@admin.ch', '1219539973', 'XxJV24MZOl', 'Encargado', NULL),
(683, 'Wini Downage', 'wdownageiy@so-net.ne.jp', '1614040302', 'aJxlfLuwAxC', 'Encargado', NULL),
(684, 'Daryl Coldbreath', 'dcoldbreathiz@gov.uk', '8209487557', 'FYrbLwDlj', 'Madre', NULL),
(685, 'Tabbie Sones', 'tsonesj0@hc360.com', '4862427164', 'dXWjCRjjBcS2', 'Madre', NULL),
(686, 'Karmen Lukesch', 'klukeschj1@1und1.de', '4308972425', 'Wsm8UdoVM6', 'Encargado', NULL),
(687, 'Lew Mardell', 'lmardellj2@lulu.com', '1632127009', 'HaVRiB', 'Tutor', NULL),
(688, 'Karlis Donnelly', 'kdonnellyj3@mayoclinic.com', '5667472946', 'TPXRdCBd5t', 'Madre', NULL),
(689, 'Allyn Bowell', 'abowellj4@miitbeian.gov.cn', '4985234959', 'JqI75mPM', 'Encargado', NULL),
(690, 'Corey Crankhorn', 'ccrankhornj5@jigsy.com', '5569894671', 'BaEYTLXIj', 'Encargado', NULL),
(691, 'Karalynn Petrichat', 'kpetrichatj6@paginegialle.it', '6516642757', 'JxOmdZg', 'Encargado', NULL),
(692, 'Benedikta Stack', 'bstackj7@trellian.com', '7827452243', '9dCl19uu', 'Padre', NULL),
(693, 'Cozmo Hassent', 'chassentj8@unesco.org', '9472705676', 'hkeIupNbws3', 'Encargado', NULL),
(694, 'Benyamin Abbatini', 'babbatinij9@ning.com', '5789143979', 'p5pxP0U7S', 'Encargado', NULL),
(695, 'Nicolea Trencher', 'ntrencherja@wiley.com', '4539811825', 'Rz1gzGQzB', 'Madre', NULL),
(696, 'Abie Dansken', 'adanskenjb@wordpress.org', '3498353021', 't8tgsa', 'Encargado', NULL),
(697, 'Miriam Reggiani', 'mreggianijc@hexun.com', '9062524500', 'ZA0XDkLzY7T', 'Tutor', NULL),
(698, 'Jarred Ivanchikov', 'jivanchikovjd@ebay.com', '8768267225', 'b3OCqeRhn', 'Encargado', NULL),
(699, 'Salomi Stivers', 'sstiversje@constantcontact.com', '4882678730', 'GHV2Ff7tJlI', 'Padre', NULL),
(700, 'Tobin Taunton.', 'ttauntonjf@mediafire.com', '1814324956', 'xV0AUN5hRhr', 'Madre', NULL),
(701, 'Ange Costard', 'acostardjg@cafepress.com', '8363852273', 'x7gRLlS', 'Madre', NULL),
(702, 'Harriet Barthot', 'hbarthotjh@ask.com', '6932231199', 'bOT1j74IBr', 'Encargado', NULL),
(703, 'Cyrille Ferrone', 'cferroneji@simplemachines.org', '5737077215', '3fAimu1yXpQr', 'Madre', NULL),
(704, 'Jaclyn Giacobo', 'jgiacobojj@apple.com', '3112011951', 'n1cUvOgtQ1', 'Padre', NULL),
(705, 'Andrey Longhorne', 'alonghornejk@dyndns.org', '7123452330', 'L8BsAIoU', 'Padre', NULL),
(706, 'Alie Gladdin', 'agladdinjl@w3.org', '9491696068', 'fuGRnlBPCA', 'Encargado', NULL),
(707, 'Gizela Woodeson', 'gwoodesonjm@taobao.com', '2302940267', 'qsGSnZKJO', 'Madre', NULL),
(708, 'Hymie Domoney', 'hdomoneyjn@reference.com', '7385628216', 'rx2oQeK', 'Padre', NULL),
(709, 'Betteann Carnilian', 'bcarnilianjo@salon.com', '1972298675', 'fLd0tAM', 'Padre', NULL),
(710, 'Alan Dracey', 'adraceyjp@nydailynews.com', '2096594001', 'D8r3rULBF', 'Padre', NULL),
(711, 'Shanta Gutherson', 'sguthersonjq@bloglovin.com', '2894831085', '9Pgtwgah', 'Madre', NULL),
(712, 'Frannie England', 'fenglandjr@facebook.com', '2139217668', 'k6upF5DcQ0K', 'Encargado', NULL),
(713, 'Tamera Reyson', 'treysonjs@usgs.gov', '3095260041', 'G0eow63R05D', 'Madre', NULL),
(714, 'Rudiger Gloy', 'rgloyjt@storify.com', '7398197148', 'ORUCy3sc3R', 'Tutor', NULL),
(715, 'Octavius L\'Episcopi', 'olepiscopiju@theglobeandmail.com', '9445888497', 'GHLVkv', 'Padre', NULL),
(716, 'Ivory Strapp', 'istrappjv@wsj.com', '8063583108', 'ciMRfi', 'Encargado', NULL),
(717, 'Townsend O\'Henecan', 'tohenecanjw@google.com.br', '9679491456', 'ce0ZPnyZspA', 'Madre', NULL),
(718, 'Jerad Wetheril', 'jwetheriljx@google.com.br', '3928211463', 'H6Oz4RP6dgW', 'Padre', NULL),
(719, 'Berenice Yarnall', 'byarnalljy@ezinearticles.com', '6383715001', 'AgiMS1barop', 'Madre', NULL),
(720, 'Rolf Van den Broek', 'rvanjz@apache.org', '1597472698', 'lXhJqjOM0', 'Padre', NULL),
(721, 'Pen Skett', 'pskettk0@mtv.com', '2072431912', 'M2rcHFoQFK', 'Tutor', NULL),
(722, 'Jayson Alexandersson', 'jalexanderssonk1@mayoclinic.com', '6043909698', 'MVpA3dN0', 'Encargado', NULL),
(723, 'Carmel Sweetlove', 'csweetlovek2@archive.org', '6852171154', '0rUZ8tQFLK', 'Encargado', NULL),
(724, 'Pate Leile', 'pleilek3@nps.gov', '4833451013', 'S1w7kNYb', 'Madre', NULL),
(725, 'Calley Rampton', 'cramptonk4@histats.com', '4271911319', 'J7094z2EJJ52', 'Encargado', NULL),
(726, 'Gillian Goddman', 'ggoddmank5@yandex.ru', '5746785893', 'yvawv21evq', 'Padre', NULL),
(727, 'Niccolo Alessandrelli', 'nalessandrellik6@ft.com', '5366963169', 'bam4vnHeGJwQ', 'Madre', NULL),
(728, 'Lola Gaitley', 'lgaitleyk7@fema.gov', '3091215580', 'gbzPpg1zk8', 'Madre', NULL),
(729, 'Mil Mount', 'mmountk8@wikimedia.org', '7379751684', 'jznHlD', 'Padre', NULL),
(730, 'Nickolai Mandy', 'nmandyk9@facebook.com', '2098712563', 'AECyb6tN2O', 'Encargado', NULL),
(731, 'Pierce Wardington', 'pwardingtonka@amazon.de', '4169352086', 'USARzq', 'Madre', NULL),
(732, 'Arlie Kopman', 'akopmankb@mashable.com', '8189174074', 'LhFG5fraX', 'Encargado', NULL),
(733, 'Geri Delort', 'gdelortkc@ftc.gov', '5039754389', 'KvGz9OJeEY7', 'Tutor', NULL),
(734, 'Garth Budget', 'gbudgetkd@gmpg.org', '1194339739', '5mOBw2cRIh', 'Madre', NULL),
(735, 'Liane D\'eathe', 'ldeatheke@nba.com', '5526277946', 'ZjViVGeHU', 'Madre', NULL),
(736, 'Neysa Klousner', 'nklousnerkf@creativecommons.org', '7035331135', 'zPTGn0cgB3', 'Tutor', NULL),
(737, 'Ham Beretta', 'hberettakg@independent.co.uk', '6482777875', 'KrWYtt', 'Padre', NULL),
(738, 'Ertha Ainsbury', 'eainsburykh@ezinearticles.com', '2581568641', 'P3lfNyd', 'Encargado', NULL),
(739, 'Nessi Malcolm', 'nmalcolmki@tmall.com', '5248073216', 'PIQMqk', 'Encargado', NULL),
(740, 'Liza Bowness', 'lbownesskj@furl.net', '2942558732', 'AZut47e', 'Madre', NULL),
(741, 'Auria Domsalla', 'adomsallakk@accuweather.com', '3599183967', 'NWYm3SnF', 'Encargado', NULL),
(742, 'Roselin Heino', 'rheinokl@mail.ru', '2257113991', 'TRGfX2M', 'Madre', NULL),
(743, 'Bernetta Ughini', 'bughinikm@nifty.com', '1546476358', '1KtOEBt', 'Tutor', NULL),
(744, 'Mary Whaymand', 'mwhaymandkn@tinypic.com', '1974712996', 'aNjLzXm', 'Padre', NULL),
(745, 'Dell Towl', 'dtowlko@qq.com', '2817169741', '2Vfxg7IfWPL', 'Madre', NULL),
(746, 'Cornelle McKinlay', 'cmckinlaykp@nba.com', '6334714654', 'vJIwcFpxFQKI', 'Encargado', NULL),
(747, 'Emilio Coatsworth', 'ecoatsworthkq@walmart.com', '7906407177', 'SlkwzyDTo8n', 'Tutor', NULL),
(748, 'Galen Olivo', 'golivokr@paginegialle.it', '9682638062', 'pKzVPdHCUd', 'Madre', NULL),
(749, 'Neville Blankman', 'nblankmanks@lulu.com', '1747345621', '5E0ysuYIiDo', 'Madre', NULL),
(750, 'Geordie Guye', 'gguyekt@skyrock.com', '2401467536', 'vhe5hURqF', 'Madre', NULL),
(751, 'Angelico Wissbey', 'awissbeyku@ca.gov', '8987487810', 'U20jv0VH4yK', 'Padre', NULL),
(752, 'Minne Bethune', 'mbethunekv@woothemes.com', '8366185266', 'puEAMa3EXgP', 'Tutor', NULL),
(753, 'Janna Fawdrie', 'jfawdriekw@wunderground.com', '1135989958', '3jKqiDp', 'Tutor', NULL),
(754, 'Sylvan Smardon', 'ssmardonkx@nih.gov', '3992621709', 'qVAj2S', 'Tutor', NULL),
(755, 'Arne Pulford', 'apulfordky@domainmarket.com', '9515667246', 'tImWEWZfg', 'Encargado', NULL),
(756, 'Caro Dutson', 'cdutsonkz@omniture.com', '5787630548', 'vnwpyLAf04jI', 'Encargado', NULL),
(757, 'Scottie Heape', 'sheapel0@census.gov', '6862876547', 'ey4lVCblA', 'Padre', NULL),
(758, 'Faunie Caherny', 'fcahernyl1@hugedomains.com', '7902513252', 'q6WhGpRGh', 'Madre', NULL),
(759, 'Sallyanne Baldazzi', 'sbaldazzil2@stumbleupon.com', '7523922880', 'io5YNMA', 'Encargado', NULL),
(760, 'Cathie Willerton', 'cwillertonl3@xrea.com', '1856454392', 'bWPcg599', 'Encargado', NULL),
(761, 'Zollie Sheehy', 'zsheehyl4@bigcartel.com', '6651824214', 'e1sT6pmy06', 'Padre', NULL),
(762, 'Geoffry Ipgrave', 'gipgravel5@admin.ch', '3088516984', 'qIf5Cltf', 'Padre', NULL),
(763, 'Norry McGaw', 'nmcgawl6@wunderground.com', '1103658491', 'Mo0Qv7hkGnpy', 'Padre', NULL),
(764, 'Brandtr O\'Sheilds', 'bosheildsl7@odnoklassniki.ru', '5953860594', 'zZkY789nfYU', 'Padre', NULL),
(765, 'Ermengarde Plante', 'eplantel8@alibaba.com', '9687995750', 'Bu5T2gIJ', 'Padre', NULL),
(766, 'Nady Domb', 'ndombl9@posterous.com', '9183376914', 'bGP8E8Lf', 'Tutor', NULL),
(767, 'Susanna Blazej', 'sblazejla@ycombinator.com', '5275582134', 'UNXdLiM3LzHP', 'Madre', NULL),
(768, 'Truman Malloy', 'tmalloylb@paginegialle.it', '9677011786', '8si4Havau', 'Madre', NULL),
(769, 'Darrin Edmett', 'dedmettlc@lulu.com', '2589930951', 'X6XSiawui18', 'Tutor', NULL),
(770, 'Enrichetta Morigan', 'emoriganld@gmpg.org', '1763521596', 'RJ2ABc90K6i', 'Tutor', NULL),
(771, 'Auberta Windrum', 'awindrumle@geocities.jp', '2169159827', '5LROPOY', 'Madre', NULL),
(772, 'Helli Cornillot', 'hcornillotlf@vistaprint.com', '5103328454', 'ZNksr5GEP3W', 'Madre', NULL),
(773, 'Korey Blazynski', 'kblazynskilg@theatlantic.com', '5672961167', '0pfT6olyWjQ1', 'Madre', NULL),
(774, 'Kessiah Ledgerton', 'kledgertonlh@dailymotion.com', '4234507101', 'poviiui4', 'Tutor', NULL),
(775, 'Benjy Emmines', 'bemminesli@hao123.com', '1052148462', 'EcY0yj8Xv3', 'Padre', NULL),
(776, 'Tessi Feldhuhn', 'tfeldhuhnlj@bloglines.com', '3602824701', 'CCVhnylCe', 'Tutor', NULL),
(777, 'Rolland Rintoul', 'rrintoullk@lulu.com', '9304942291', 'NsRzpp4', 'Tutor', NULL),
(778, 'Ruddie McGreal', 'rmcgrealll@xrea.com', '8839153635', 'RbL3fp', 'Madre', NULL),
(779, 'Blanch Bool', 'bboollm@hatena.ne.jp', '2187657562', '1IDOLm', 'Padre', NULL),
(780, 'Cissiee Mattecot', 'cmattecotln@devhub.com', '9357012015', 'KoDExfDh', 'Encargado', NULL),
(781, 'Viviyan Corsar', 'vcorsarlo@bloglovin.com', '5236450493', 'Wu3WyiKt6', 'Madre', NULL),
(782, 'Errick Willwood', 'ewillwoodlp@bluehost.com', '4686355141', 'LObri5XJZnD', 'Padre', NULL),
(783, 'Matti Franzen', 'mfranzenlq@google.com.br', '3421056659', 'BUzCBGy3Zv4', 'Tutor', NULL),
(784, 'Wyatt Corcut', 'wcorcutlr@umich.edu', '2796499546', '848Ywpn1Uzk', 'Madre', NULL),
(785, 'Sloan Pedlingham', 'spedlinghamls@weather.com', '3857069415', 'uVKRWs', 'Encargado', NULL),
(786, 'Inglis Alpes', 'ialpeslt@google.co.jp', '8241332699', 'umgS1of', 'Tutor', NULL),
(787, 'Zacharia Parlett', 'zparlettlu@apache.org', '8853443352', 'l307TON15qJ', 'Tutor', NULL),
(788, 'Ronnie Mattheis', 'rmattheislv@trellian.com', '1868251755', 'lnXoP7wk', 'Padre', NULL),
(789, 'Dionisio Lawtie', 'dlawtielw@state.gov', '2123864042', 'XZcATKNUDp6s', 'Padre', NULL),
(790, 'Roz Fanthome', 'rfanthomelx@imdb.com', '8687072346', 'd1jjsHP', 'Encargado', NULL),
(791, 'Claudell Hitchens', 'chitchensly@php.net', '1379310949', '8cmUH2z', 'Padre', NULL),
(792, 'Brina Castiello', 'bcastiellolz@youtu.be', '1246131899', 'aZx0ocU7W', 'Encargado', NULL),
(793, 'Marilin Fitkin', 'mfitkinm0@hp.com', '3817306727', 'D01Le38sW3Dj', 'Padre', NULL),
(794, 'Shurlock Learmond', 'slearmondm1@angelfire.com', '2517729301', '8jzr4SsiKvaW', 'Madre', NULL),
(795, 'Stormie Riddington', 'sriddingtonm2@google.nl', '7662554116', 'NdrX7l', 'Encargado', NULL),
(796, 'Germain Case', 'gcasem3@ft.com', '5747710871', 'xUPsrEpX', 'Encargado', NULL),
(797, 'Nicholas Murfett', 'nmurfettm4@nifty.com', '1674899113', 'd7xHtt2', 'Encargado', NULL),
(798, 'Garnet Neaves', 'gneavesm5@soundcloud.com', '5408987832', 'WBc39T94t', 'Encargado', NULL),
(799, 'Rhody Faustin', 'rfaustinm6@cmu.edu', '9014729410', 'Vme21kuOc6', 'Encargado', NULL),
(800, 'Emiline Queenborough', 'equeenboroughm7@archive.org', '7572980453', 'yi9Ut6brkljo', 'Encargado', NULL),
(801, 'Taber Antowski', 'tantowskim8@theatlantic.com', '6249822907', 'HKVA8s', 'Padre', NULL),
(802, 'Reggi Dunsmore', 'rdunsmorem9@barnesandnoble.com', '4703077960', 'o2JEtyCL', 'Tutor', NULL),
(803, 'Cathy Abad', 'cabadma@last.fm', '7986783052', '3ZCRQVRuQJ', 'Padre', NULL),
(804, 'Demetre Dolle', 'ddollemb@histats.com', '8666451138', 'Bu55Oj7fQQvq', 'Padre', NULL),
(805, 'Rubin Germain', 'rgermainmc@jigsy.com', '5765655342', 'LR8AOqFH72', 'Madre', NULL),
(806, 'Donny Stebbing', 'dstebbingmd@free.fr', '2489149243', 'e1REnVawRpg', 'Tutor', NULL),
(807, 'Burty Robet', 'brobetme@ca.gov', '6944084182', 'K2g7R1usxIG', 'Padre', NULL),
(808, 'Brigham Gow', 'bgowmf@yahoo.co.jp', '4444352834', 'wFTfanTcwigo', 'Padre', NULL),
(809, 'Binni Evans', 'bevansmg@economist.com', '7928789163', 'zfxUJAueRq', 'Encargado', NULL),
(810, 'Jacqui Scothorne', 'jscothornemh@360.cn', '8556113442', 'aeSAvJh', 'Encargado', NULL),
(811, 'Grove Scothron', 'gscothronmi@chron.com', '2116537217', 'GMyozRKxaB7', 'Padre', NULL),
(812, 'Caye Lodewick', 'clodewickmj@vistaprint.com', '5335411250', '1uKeH0n', 'Encargado', NULL),
(813, 'Arne Geck', 'ageckmk@about.com', '4043543448', 'kfnRpDl', 'Madre', NULL),
(814, 'Yves Roath', 'yroathml@canalblog.com', '7257535712', 'jakIs2jtZLcS', 'Tutor', NULL),
(815, 'Riccardo Shelp', 'rshelpmm@usatoday.com', '2359213575', 'N6mOKM7', 'Madre', NULL),
(816, 'Roobbie Damarell', 'rdamarellmn@yelp.com', '6176167399', 'Ri0Nmapv4CyU', 'Encargado', NULL),
(817, 'Gerri Towhey', 'gtowheymo@foxnews.com', '1667591481', 'R3BzAA3', 'Madre', NULL),
(818, 'Jerald Fowgies', 'jfowgiesmp@wikia.com', '9756182169', 'VRdbJv4KP', 'Padre', NULL),
(819, 'Valry Edkins', 'vedkinsmq@chron.com', '9119784978', 'q0tTCTYmIi', 'Tutor', NULL),
(820, 'Titus Mahaddy', 'tmahaddymr@vimeo.com', '4697109010', 'xQH2yTyopj', 'Encargado', NULL),
(821, 'Arlyn Bunning', 'abunningms@technorati.com', '8417251520', 'SaaiNXL', 'Madre', NULL),
(822, 'Adel Betho', 'abethomt@sciencedirect.com', '1931824163', 'eDmrZA4gN3', 'Encargado', NULL),
(823, 'Elmer Melson', 'emelsonmu@apple.com', '1749574623', 'UmJwmHI', 'Madre', NULL),
(824, 'Desi Woosnam', 'dwoosnammv@flavors.me', '8622274645', 'zEo87ufTz1', 'Madre', NULL),
(825, 'Rickie Poag', 'rpoagmw@cdbaby.com', '1796791282', 'GUpAhTUBZ', 'Encargado', NULL),
(826, 'Witty Muttock', 'wmuttockmx@youtu.be', '3686876105', 'jM45P0e', 'Padre', NULL),
(827, 'Rosetta Skillern', 'rskillernmy@meetup.com', '9042915280', 'uO2JNoI', 'Encargado', NULL),
(828, 'Mart Scholcroft', 'mscholcroftmz@nyu.edu', '9534472545', 'IS9doYUDMAQw', 'Encargado', NULL),
(829, 'Hanni Oldknowe', 'holdknowen0@wiley.com', '6469657152', '9FZLz6wSqx', 'Tutor', NULL),
(830, 'Vanna Stockdale', 'vstockdalen1@squarespace.com', '4858775859', 'MvZrM5C', 'Padre', NULL),
(831, 'Thorny Lammin', 'tlamminn2@google.co.jp', '2853964502', 'akKrnh2l1ED5', 'Encargado', NULL),
(832, 'Wiley Knoles', 'wknolesn3@vinaora.com', '8524746281', 'zuxfiT5x', 'Tutor', NULL),
(833, 'Poppy Simeone', 'psimeonen4@posterous.com', '8626522599', 'DNCBnK', 'Encargado', NULL),
(834, 'Alla Sturr', 'asturrn5@com.com', '2029990175', 'UkOmeEkg', 'Tutor', NULL),
(835, 'Eziechiele Eade', 'eeaden6@taobao.com', '2883734977', 'kWnA2JON', 'Madre', NULL),
(836, 'Andriana Leile', 'aleilen7@stumbleupon.com', '9509230906', '9lq8GME', 'Madre', NULL),
(837, 'Clyve Harrema', 'charreman8@prweb.com', '1086352988', 'mQWKddRTlzy', 'Tutor', NULL),
(838, 'Jeralee Fratson', 'jfratsonn9@telegraph.co.uk', '4917139505', '6ejRJetER', 'Padre', NULL),
(839, 'Deeann Durek', 'ddurekna@archive.org', '2347338745', 'WdJp8eF', 'Tutor', NULL),
(840, 'Joseito Desesquelle', 'jdesesquellenb@slideshare.net', '3399849469', 'JzI5y6', 'Padre', NULL),
(841, 'Libbey Tointon', 'ltointonnc@howstuffworks.com', '3281136262', 'hHNS2ElJe68', 'Encargado', NULL),
(842, 'Brier Menat', 'bmenatnd@artisteer.com', '1886359836', 'I666BLoR7DiT', 'Tutor', NULL),
(843, 'Tommi Askwith', 'taskwithne@pen.io', '9174850386', 'sO0gnSmbeHwm', 'Encargado', NULL),
(844, 'Hazel Krysztowczyk', 'hkrysztowczyknf@zimbio.com', '6314653093', 'c4U7Qa4DVO2e', 'Madre', NULL),
(845, 'Glenine Charte', 'gcharteng@i2i.jp', '3942998076', 'HK5wjqMZ', 'Tutor', NULL),
(846, 'Mabel Goldsby', 'mgoldsbynh@addthis.com', '5103609416', '3lYPgvKPU0', 'Padre', NULL),
(847, 'Des Chaffin', 'dchaffinni@china.com.cn', '9089747041', 'uDcWW6mU', 'Madre', NULL),
(848, 'Carney Dimblebee', 'cdimblebeenj@friendfeed.com', '3924484902', '04DTma128Yjl', 'Encargado', NULL),
(849, 'Milli MacKereth', 'mmackerethnk@comcast.net', '4342197101', '5v3v7KK9', 'Madre', NULL),
(850, 'Ben Paton', 'bpatonnl@blogspot.com', '6213204969', 'BkNPcEsBE3S', 'Padre', NULL),
(851, 'Rica Girling', 'rgirlingnm@nhs.uk', '5522496230', 'MSwkglrn8dJQ', 'Tutor', NULL),
(852, 'Huey Lemonby', 'hlemonbynn@ucsd.edu', '6413155465', 'Bw5wtVNQ', 'Padre', NULL),
(853, 'Wini Simmell', 'wsimmellno@slideshare.net', '8447386579', 'Ae8WpXV', 'Encargado', NULL),
(854, 'Montgomery Stoeckle', 'mstoecklenp@deviantart.com', '9389114094', 'Avy5o4EEyAQR', 'Encargado', NULL),
(855, 'Gardener Cowser', 'gcowsernq@cbslocal.com', '5211503183', 'sen1kPnH', 'Tutor', NULL),
(856, 'Hermione McDougall', 'hmcdougallnr@github.com', '4469470289', 'i8AxZdc', 'Padre', NULL),
(857, 'Faun Yushankin', 'fyushankinns@amazon.co.jp', '7703783948', 'CjQqvAx', 'Padre', NULL),
(858, 'Joella Dimmock', 'jdimmocknt@ocn.ne.jp', '9759767641', 'l5KXj69', 'Padre', NULL),
(859, 'Simone Jeaycock', 'sjeaycocknu@sohu.com', '9088190448', 'xCOhlZ', 'Encargado', NULL),
(860, 'Carlotta MacKowle', 'cmackowlenv@tiny.cc', '7745303754', 'YPvn15MA12K', 'Tutor', NULL),
(861, 'Merilyn Coppens', 'mcoppensnw@boston.com', '9085816625', 'qyjIfePW', 'Encargado', NULL),
(862, 'Gracia Tinklin', 'gtinklinnx@reverbnation.com', '9726837030', 'nwVVuaQRfX0E', 'Encargado', NULL),
(863, 'Nevil Daft', 'ndaftny@discovery.com', '1458955005', 'hEbZijJ', 'Madre', NULL),
(864, 'Cole Humm', 'chummnz@istockphoto.com', '8207240052', 'QfoG6zgI0d', 'Encargado', NULL),
(865, 'Lorette MacGinley', 'lmacginleyo0@theatlantic.com', '2521635068', 'd5XYpGKpif', 'Madre', NULL),
(866, 'Micky Chataignier', 'mchataigniero1@com.com', '3412964537', 'RsTF6YEvPqz4', 'Padre', NULL),
(867, 'Kristal Richens', 'krichenso2@comcast.net', '2285202625', 'cyCfmn6FG', 'Madre', NULL),
(868, 'Damita O\'Fallon', 'dofallono3@miitbeian.gov.cn', '9141256602', 'VOUUTc1Q', 'Encargado', NULL),
(869, 'Anjela Gervaise', 'agervaiseo4@e-recht24.de', '6098408016', 'tI1FrvdFdD', 'Tutor', NULL),
(870, 'Arlan Jessep', 'ajessepo5@dailymotion.com', '4753107208', 'nPyCZZzbs6n', 'Padre', NULL),
(871, 'Florri Breach', 'fbreacho6@sciencedaily.com', '8186942765', 'WtNywH8rKnBv', 'Madre', NULL),
(872, 'Adolphe Vase', 'avaseo7@nhs.uk', '3741242292', 'DTN164', 'Tutor', NULL),
(873, 'Christoffer Grigor', 'cgrigoro8@free.fr', '6501631116', 'em7dgLpC4ShV', 'Tutor', NULL),
(874, 'Shawn Adamowicz', 'sadamowiczo9@topsy.com', '1764509281', '2ej1u1H', 'Padre', NULL),
(875, 'Abba Covotti', 'acovottioa@state.tx.us', '8824185868', 'Rt4Q5FV0o', 'Tutor', NULL),
(876, 'Larissa Arnatt', 'larnattob@51.la', '6084644488', '0AsflfYH00pZ', 'Padre', NULL),
(877, 'Arden Rose', 'aroseoc@pinterest.com', '2984894521', 'AnxeXA8w8dy', 'Madre', NULL),
(878, 'Pancho Beeze', 'pbeezeod@mlb.com', '4355111146', '7W5mvd0tCG', 'Madre', NULL),
(879, 'Zed Ravenscroft', 'zravenscroftoe@wsj.com', '6884348304', 'pYSKcQtO', 'Tutor', NULL),
(880, 'Huntington Louder', 'hlouderof@hud.gov', '5115889337', 'NJYkY0rs', 'Madre', NULL),
(881, 'Mathilde Hillett', 'mhillettog@cloudflare.com', '9195408208', 'VO5u5XwYT', 'Padre', NULL),
(882, 'Mayer Galgey', 'mgalgeyoh@stumbleupon.com', '9831410471', 'HVB98Dp1ujDY', 'Madre', NULL),
(883, 'Wilbur Dunabie', 'wdunabieoi@photobucket.com', '9879912766', 'z1cooOc6P', 'Encargado', NULL),
(884, 'Terri Sturges', 'tsturgesoj@artisteer.com', '1258201188', 'XCLP57tEdvt', 'Encargado', NULL),
(885, 'Vanni Smouten', 'vsmoutenok@360.cn', '3434896804', '3AxcbRkN1R', 'Encargado', NULL),
(886, 'Connie Matthewman', 'cmatthewmanol@go.com', '1628248261', 'cMQvWqo1zp', 'Madre', NULL),
(887, 'Conrado Howen', 'chowenom@nasa.gov', '9167841700', '4gpv44Ux8wX', 'Padre', NULL),
(888, 'Malynda Walesby', 'mwalesbyon@amazon.com', '3455245441', 'ijg9iLWIXRvo', 'Padre', NULL),
(889, 'Waldon Merrigan', 'wmerriganoo@epa.gov', '7989029964', 'ol1E4n', 'Encargado', NULL),
(890, 'Mylo Sweetzer', 'msweetzerop@nih.gov', '1086010530', 'otEMU4n', 'Encargado', NULL),
(891, 'Quintina Jeffree', 'qjeffreeoq@guardian.co.uk', '9894795981', 'gaeyycANI', 'Padre', NULL),
(892, 'Oren McArtan', 'omcartanor@nytimes.com', '7746177998', 'Y8GAI2ZG', 'Madre', NULL),
(893, 'Sosanna Zamora', 'szamoraos@intel.com', '1455390781', 'O4yiuR8', 'Madre', NULL),
(894, 'Robbin Trevains', 'rtrevainsot@fastcompany.com', '8144592935', 'ql6RrmBYol', 'Padre', NULL),
(895, 'Thibaut Treadwell', 'ttreadwellou@issuu.com', '1835367883', 'zQsFwkUx', 'Tutor', NULL),
(896, 'Dee Minghi', 'dminghiov@squidoo.com', '5725901329', '3TUsTmEYd', 'Encargado', NULL),
(897, 'Durand Strelitz', 'dstrelitzow@un.org', '5894344495', 'V0iLvY4', 'Tutor', NULL),
(898, 'Jared Jose', 'jjoseox@barnesandnoble.com', '3394768613', 'jEpXLV5lh9a', 'Padre', NULL),
(899, 'Abra Vivians', 'aviviansoy@alexa.com', '7967900824', '7F03jbfNQJ2', 'Tutor', NULL),
(900, 'Leupold Earnshaw', 'learnshawoz@indiegogo.com', '9039037572', '7LB1H9x0dL', 'Tutor', NULL),
(901, 'Cort Grzelak', 'cgrzelakp0@cnbc.com', '7208717627', 'Rr1xS6', 'Padre', NULL),
(902, 'Lee Malsher', 'lmalsherp1@fema.gov', '9067145329', 'RVkLaQT9', 'Madre', NULL),
(903, 'Barnett Heims', 'bheimsp2@plala.or.jp', '5125432770', '5iJDZ4', 'Tutor', NULL),
(904, 'Laney Neagle', 'lneaglep3@umn.edu', '3854545745', 'MIFBdKHaFeSm', 'Tutor', NULL),
(905, 'Chad Tidbold', 'ctidboldp4@squidoo.com', '6229123022', '2bQCibIN', 'Madre', NULL),
(906, 'Eddy Rawles', 'erawlesp5@bravesites.com', '6548641179', 'qubF9P', 'Tutor', NULL),
(907, 'Daphene Shovlin', 'dshovlinp6@51.la', '9684993129', '6TJIdw', 'Tutor', NULL),
(908, 'Blithe Bortoluzzi', 'bbortoluzzip7@wufoo.com', '9633282382', '7IXS2FUEhK', 'Padre', NULL),
(909, 'Martie Yielding', 'myieldingp8@sina.com.cn', '8079845428', 'e3B2BjZ', 'Madre', NULL),
(910, 'Shannon Rodriguez', 'srodriguezp9@telegraph.co.uk', '5333194524', 'Cubv52I8b', 'Encargado', NULL),
(911, 'Leelah Sterley', 'lsterleypa@hugedomains.com', '8584559997', 'aVXcid', 'Madre', NULL),
(912, 'Maridel Taye', 'mtayepb@amazon.co.uk', '5063265078', 'vkcsm8kLhH', 'Madre', NULL),
(913, 'Ortensia Isherwood', 'oisherwoodpc@fema.gov', '2385678130', 'wnjuBAL68', 'Padre', NULL),
(914, 'Sloane Brandt', 'sbrandtpd@canalblog.com', '9875788282', 'BW5Y7eXS', 'Padre', NULL),
(915, 'Serene Tremellier', 'stremellierpe@sourceforge.net', '1555739054', 'd0ayLcv7D4', 'Madre', NULL),
(916, 'Janaye MacCome', 'jmaccomepf@latimes.com', '8523684426', 'kgM75d', 'Tutor', NULL),
(917, 'Tremayne Spino', 'tspinopg@desdev.cn', '1478340691', '7HvTOBWS', 'Tutor', NULL),
(918, 'Bran Calcott', 'bcalcottph@cafepress.com', '8811044600', 'V5ltghEDtt2', 'Tutor', NULL),
(919, 'Zak Durkin', 'zdurkinpi@rediff.com', '2797577997', 'nfcvdkmmvL', 'Madre', NULL),
(920, 'Shoshanna Munsey', 'smunseypj@hubpages.com', '7095298076', 'TQfVS7Mf5IJZ', 'Padre', NULL),
(921, 'Shelly Hunnicutt', 'shunnicuttpk@google.com.au', '2885123734', 'lJdpc9rx8yD', 'Madre', NULL),
(922, 'Francesca Mascall', 'fmascallpl@newyorker.com', '8008408713', 'EJd62lUofne', 'Madre', NULL),
(923, 'Cully Regenhardt', 'cregenhardtpm@ocn.ne.jp', '1276095365', 'TVd2FMCO', 'Padre', NULL),
(924, 'Thorn MacKibbon', 'tmackibbonpn@cloudflare.com', '8237514869', 'nSixKIw', 'Tutor', NULL),
(925, 'Silvain Jerke', 'sjerkepo@phoca.cz', '8128789600', 'NGakHh', 'Padre', NULL),
(926, 'Shane Wolfarth', 'swolfarthpp@nbcnews.com', '6314487175', '73mD1B2', 'Encargado', NULL),
(927, 'Benita Coneybeare', 'bconeybearepq@gnu.org', '8449363539', 'XaZtJIrklF', 'Encargado', NULL),
(928, 'Lucina Nelligan', 'lnelliganpr@gizmodo.com', '2163978488', '3jArQEyGP', 'Madre', NULL),
(929, 'Caitlin Gait', 'cgaitps@imgur.com', '8978850524', 'Ffaveu', 'Padre', NULL),
(930, 'Kylie Payton', 'kpaytonpt@smugmug.com', '4378184905', 'TDzr5DivNy', 'Padre', NULL),
(931, 'Daryn Crayke', 'dcraykepu@bbb.org', '7109748168', 'E9TkU11ZAGg', 'Padre', NULL),
(932, 'Carmelina Dikles', 'cdiklespv@amazon.co.jp', '3981581721', 'qXwqm1uYX5N', 'Padre', NULL),
(933, 'Demetra Shiels', 'dshielspw@hostgator.com', '8277747097', 'VQF26yV49FJk', 'Madre', NULL),
(934, 'Kingsley Tight', 'ktightpx@va.gov', '3385430934', 'jmbq6SP', 'Tutor', NULL),
(935, 'Anatole Stockall', 'astockallpy@sciencedirect.com', '2422802184', '6suXbqEC', 'Madre', NULL),
(936, 'Gerry Bearman', 'gbearmanpz@xing.com', '8138428684', 'Is2eZTF7Bs', 'Encargado', NULL),
(937, 'Ulick Sabberton', 'usabbertonq0@technorati.com', '4766287812', 'k96dO53Rbnsy', 'Tutor', NULL),
(938, 'Kort Dragge', 'kdraggeq1@umich.edu', '6198683996', '83E79Xz', 'Tutor', NULL),
(939, 'Marian Sabates', 'msabatesq2@simplemachines.org', '7635193423', 'yXDsEp', 'Encargado', NULL),
(940, 'Ailina Rushman', 'arushmanq3@hao123.com', '3517936085', 'sPKGX8LIrZ', 'Madre', NULL),
(941, 'Nathalia Bownd', 'nbowndq4@chicagotribune.com', '3372895602', '0TijHj', 'Tutor', NULL),
(942, 'Munroe Pfertner', 'mpfertnerq5@bandcamp.com', '8205730805', '6IIlHSrr9', 'Encargado', NULL),
(943, 'Gabi Carillo', 'gcarilloq6@stanford.edu', '5087446549', 'WBkth2Ef', 'Padre', NULL),
(944, 'Lianna Catlette', 'lcatletteq7@nymag.com', '3858359341', '22E4BEy3bkpL', 'Tutor', NULL),
(945, 'Tallulah Woodfine', 'twoodfineq8@php.net', '6276784458', 'WxSB8v', 'Tutor', NULL),
(946, 'Felicio Scurman', 'fscurmanq9@ning.com', '3128622975', 'c33elf', 'Tutor', NULL),
(947, 'Monro Schindler', 'mschindlerqa@mysql.com', '7607699993', 'Ei1LzS', 'Madre', NULL),
(948, 'Sarajane Shallcroff', 'sshallcroffqb@independent.co.uk', '6463414313', 'bAbRayJ', 'Padre', NULL),
(949, 'Gustavo Zuan', 'gzuanqc@chronoengine.com', '6655283609', '7XsVIupQ4c3', 'Tutor', NULL),
(950, 'Cissy Willimott', 'cwillimottqd@hugedomains.com', '6317364230', 'hDxDP6gzMw', 'Madre', NULL),
(951, 'Sherye Sawell', 'ssawellqe@domainmarket.com', '5674781124', 'lAB8L6', 'Madre', NULL),
(952, 'Tamra Tille', 'ttilleqf@angelfire.com', '9766695587', 'vSfI40', 'Padre', NULL),
(953, 'Chet Ervin', 'cervinqg@jimdo.com', '1228355737', 'vUEJdI', 'Tutor', NULL),
(954, 'Saunderson Ost', 'sostqh@wordpress.com', '1938778855', 'Rx7TAruaaZU', 'Padre', NULL),
(955, 'Horace Imlen', 'himlenqi@vimeo.com', '5928362091', 'POc20H', 'Madre', NULL),
(956, 'Wallie Thake', 'wthakeqj@shutterfly.com', '6082873429', 'gEbMJbu', 'Madre', NULL),
(957, 'Guinna Tenniswood', 'gtenniswoodqk@dailymail.co.uk', '5982181709', 'R0Ar6nkN', 'Padre', NULL),
(958, 'Rita Warbrick', 'rwarbrickql@jimdo.com', '6986527998', 'mJHPPfD', 'Padre', NULL),
(959, 'Ruby Otterwell', 'rotterwellqm@noaa.gov', '2332612798', '4yhMA9Lxicr', 'Tutor', NULL),
(960, 'Irvine McGreil', 'imcgreilqn@amazon.co.uk', '3122578365', 'zlcIxXWHy9XK', 'Madre', NULL),
(961, 'Wright Lucien', 'wlucienqo@addtoany.com', '1371839928', '1SrBFe', 'Padre', NULL),
(962, 'Giff Ciementini', 'gciementiniqp@cam.ac.uk', '3309593087', 'ajG3g1W', 'Encargado', NULL),
(963, 'Shannen Murname', 'smurnameqq@deviantart.com', '7016488301', 'a2ihFEqPub', 'Encargado', NULL),
(964, 'Ermina Impey', 'eimpeyqr@bravesites.com', '8469169851', 'EgRytLPT', 'Tutor', NULL),
(965, 'Jacinthe Jahns', 'jjahnsqs@jigsy.com', '1761138994', 'rRxYHPdKr', 'Madre', NULL),
(966, 'Hyacinthie Sevier', 'hsevierqt@1688.com', '7847227134', 'F1i0SPR', 'Madre', NULL),
(967, 'Brose Penhall', 'bpenhallqu@cpanel.net', '2921700473', '15a3ywD14U9a', 'Padre', NULL),
(968, 'Tracy Kobke', 'tkobkeqv@biblegateway.com', '2215684029', 'LuU8dYwA', 'Tutor', NULL),
(969, 'Cory Charke', 'ccharkeqw@gravatar.com', '7385714265', 'RaYyOqRm1j1B', 'Madre', NULL),
(970, 'Jamison Hegges', 'jheggesqx@domainmarket.com', '8519106657', 'lpUKrHa', 'Tutor', NULL),
(971, 'Beatrice Copnar', 'bcopnarqy@earthlink.net', '3459719972', 'URy7d8hG1x9', 'Padre', NULL),
(972, 'Linet Haill', 'lhaillqz@rambler.ru', '7926525249', '3uztntVIK', 'Padre', NULL),
(973, 'Ally Fricker', 'africkerr0@wikispaces.com', '9997769648', '48zeVb9v', 'Madre', NULL),
(974, 'Griffith Lascelles', 'glascellesr1@wikimedia.org', '5511882507', 'cOdpl0Qx8QLz', 'Madre', NULL),
(975, 'Archibaldo Ghion', 'aghionr2@wsj.com', '1803533169', 'LwWF7MKDqyoe', 'Padre', NULL),
(976, 'Laney Oldman', 'loldmanr3@tinypic.com', '9196361219', 'wbD9r8yhjGHv', 'Madre', NULL),
(977, 'Giacopo Hatherley', 'ghatherleyr4@chicagotribune.com', '7264569272', 'dzsvBfqabAew', 'Padre', NULL),
(978, 'Vanna Maypole', 'vmaypoler5@cyberchimps.com', '7171501470', 'ngQQ9sZbRzDO', 'Madre', NULL),
(979, 'Charla Jeacock', 'cjeacockr6@smugmug.com', '1206217357', '2mGjAg', 'Madre', NULL),
(980, 'Erasmus Bootton', 'eboottonr7@nymag.com', '2666978518', 'QiH3HYODdPnZ', 'Madre', NULL),
(981, 'Rosalie Summerson', 'rsummersonr8@ovh.net', '6226282305', 'xCd3AnFuzCu', 'Encargado', NULL),
(982, 'Elihu Tessyman', 'etessymanr9@delicious.com', '8179875253', 'LHfNM3xrPoG', 'Madre', NULL),
(983, 'Connor Winham', 'cwinhamra@comsenz.com', '5164078783', '8su5rswsBjt', 'Tutor', NULL),
(984, 'Bobbie Ubanks', 'bubanksrb@statcounter.com', '6225659125', 'FyQP0pBzLaTg', 'Padre', NULL),
(985, 'Donnie Pingston', 'dpingstonrc@sciencedirect.com', '7956126555', 'Vl3MlH8fYRF', 'Padre', NULL),
(986, 'Marilin Ainsby', 'mainsbyrd@amazonaws.com', '5425731491', 'fHiN9u', 'Tutor', NULL),
(987, 'Constantia Sunderland', 'csunderlandre@mac.com', '7793813492', 'YuWOQyA', 'Tutor', NULL),
(988, 'Mimi MacAndie', 'mmacandierf@businesswire.com', '1395919248', '1mlvjEV', 'Padre', NULL),
(989, 'Ricky Burbank', 'rburbankrg@latimes.com', '4354398535', 'q7IiaWfS', 'Encargado', NULL),
(990, 'Jennica Bredes', 'jbredesrh@imdb.com', '2583415353', 'arlt0Tt055', 'Madre', NULL),
(991, 'Clare Hadden', 'chaddenri@histats.com', '1188135089', 'iIXjJEM7Lmz1', 'Madre', NULL),
(992, 'Brandi Ladbury', 'bladburyrj@sciencedaily.com', '1022374800', 'GHe2MUPH', 'Encargado', NULL),
(993, 'Maury De Matteis', 'mderk@webs.com', '3182025701', 'hGXOvS9', 'Madre', NULL),
(994, 'Sly Toulamain', 'stoulamainrl@illinois.edu', '8559626927', 'dOxLegT', 'Encargado', NULL),
(995, 'Barnebas Tordiffe', 'btordifferm@qq.com', '8542531349', 'xqh5Wz', 'Encargado', NULL),
(996, 'Oren Ivanisov', 'oivanisovrn@usatoday.com', '6887871965', '2GF3k6wg', 'Tutor', NULL),
(997, 'Alfy Lythgoe', 'alythgoero@webnode.com', '5749156255', 'Yr9w2q', 'Tutor', NULL),
(998, 'Jackquelin Courcey', 'jcourceyrp@mlb.com', '1392255819', 'payy56WzN', 'Tutor', NULL),
(999, 'Milly Stovin', 'mstovinrq@eventbrite.com', '8853640204', 'luOHmOhF', 'Padre', NULL),
(1000, 'Sonnie Kitchener', 'skitchenerrr@squarespace.com', '7177478816', 'RBtBvb', 'Madre', NULL);

--
-- Restricciones para tablas volcadas
--

--
-- Filtros para la tabla `artefacto_sensor`
--
ALTER TABLE `artefacto_sensor`
  ADD CONSTRAINT `artefacto_sensor_ibfk_1` FOREIGN KEY (`codigo_artefacto`) REFERENCES `artefacto` (`codigo`),
  ADD CONSTRAINT `artefacto_sensor_ibfk_2` FOREIGN KEY (`id_sensor`) REFERENCES `sensor` (`id`);

--
-- Filtros para la tabla `localizacion`
--
ALTER TABLE `localizacion`
  ADD CONSTRAINT `localizacion_ibfk_1` FOREIGN KEY (`id_artefacto`) REFERENCES `artefacto` (`codigo`);

--
-- Filtros para la tabla `medicion`
--
ALTER TABLE `medicion`
  ADD CONSTRAINT `medicion_ibfk_1` FOREIGN KEY (`id_artefacto`) REFERENCES `artefacto` (`codigo`);

--
-- Filtros para la tabla `medicion_artefacto`
--
ALTER TABLE `medicion_artefacto`
  ADD CONSTRAINT `medicion_artefacto_ibfk_1` FOREIGN KEY (`id_medicion`) REFERENCES `medicion` (`id_medicion`),
  ADD CONSTRAINT `medicion_artefacto_ibfk_2` FOREIGN KEY (`id_artefacto`) REFERENCES `artefacto` (`codigo`);

--
-- Filtros para la tabla `medicion_localizacion`
--
ALTER TABLE `medicion_localizacion`
  ADD CONSTRAINT `medicion_localizacion_ibfk_1` FOREIGN KEY (`id_medicion`) REFERENCES `localizacion` (`id_medicion`),
  ADD CONSTRAINT `medicion_localizacion_ibfk_2` FOREIGN KEY (`id_artefacto`) REFERENCES `artefacto` (`codigo`);

--
-- Filtros para la tabla `usuario`
--
ALTER TABLE `usuario`
  ADD CONSTRAINT `codigo_artefacto` FOREIGN KEY (`codigo_artefacto`) REFERENCES `artefacto` (`codigo`);
COMMIT;

/*!40101 SET CHARACTER_SET_CLIENT=@OLD_CHARACTER_SET_CLIENT */;
/*!40101 SET CHARACTER_SET_RESULTS=@OLD_CHARACTER_SET_RESULTS */;
/*!40101 SET COLLATION_CONNECTION=@OLD_COLLATION_CONNECTION */;
